{
	"textures": {
		"0": "block/stone"
	},
	"elements": [
		{
			"from": [4, -4, 6],
			"to": [12, 8, 10],
			"rotation": {"angle": 0, "axis": "y", "origin": [8, 8, 8]},
			"faces": {
				"north": {"uv": [5, 4, 13, 16], "texture": "#0"},
				"east": {"uv": [4, 4, 8, 16], "texture": "#0"},
				"south": {"uv": [8, 4, 16, 16], "texture": "#0"},
				"west": {"uv": [7, 4, 11, 16], "texture": "#0"},
				"up": {"uv": [13, 8, 5, 4], "texture": "#0"},
				"down": {"uv": [15, 4, 7, 8], "texture": "#0"}
			}
		}
	],
	"display": {
		"head": {
			"rotation": [0, 180, 0]
		}
	}
}