{
	"textures": {
		"0": "block/stone"
	},
	"elements": [
		{
			"from": [6, -4, 6],
			"to": [10, 8, 10],
			"rotation": {"angle": 0, "axis": "y", "origin": [8, 8, 8]},
			"faces": {
				"north": {"uv": [5, 4, 9, 16], "texture": "#0"},
				"east": {"uv": [4, 4, 8, 16], "texture": "#0"},
				"south": {"uv": [7, 4, 11, 16], "texture": "#0"},
				"west": {"uv": [6, 4, 10, 16], "texture": "#0"},
				"up": {"uv": [9, 16, 5, 12], "texture": "#0"},
				"down": {"uv": [10, 12, 6, 16], "texture": "#0"}
			}
		}
	],
	"display": {
		"head": {
			"rotation": [0, 180, 0]
		}
	}
}