{
	"credit": "Made with Blockbench",
	"texture_size": [32, 32],
	"textures": {
		"0": "polydecorations:block/globe_earth",
		"particle": "polydecorations:block/globe_earth",
		"planks": "block/spruce_planks",
		"stone": "block/polished_deepslate",
		"rod": "block/iron_bars"
	},
	"elements": [
		{
			"from": [4, 0, 4],
			"to": [12, 2, 12],
			"faces": {
				"north": {"uv": [4, 2, 12, 4], "texture": "#stone"},
				"east": {"uv": [4, 12, 12, 14], "texture": "#stone"},
				"south": {"uv": [4, 12, 12, 14], "texture": "#stone"},
				"west": {"uv": [4, 2, 12, 4], "texture": "#stone"},
				"up": {"uv": [4, 4, 12, 12], "texture": "#stone"},
				"down": {"uv": [4, 4, 12, 12], "texture": "#stone"}
			}
		},
		{
			"from": [7.0005, 2, 7.0005],
			"to": [8.9995, 5, 8.9995],
			"faces": {
				"north": {"uv": [2, 4, 4, 7], "texture": "#planks"},
				"east": {"uv": [2, 4, 4, 7], "texture": "#planks"},
				"south": {"uv": [2, 4, 4, 7], "texture": "#planks"},
				"west": {"uv": [2, 4, 4, 7], "texture": "#planks"},
				"up": {"uv": [0, 0, 2, 2], "texture": "#planks"},
				"down": {"uv": [0, 0, 2, 2], "texture": "#planks"}
			}
		},
		{
			"from": [5, 12, 7],
			"to": [13, 14, 9],
			"rotation": {"angle": 22.5, "axis": "z", "origin": [0, 0, 0]},
			"faces": {
				"north": {"uv": [0, 0, 8, 2], "texture": "#planks"},
				"east": {"uv": [0, 0, 2, 2], "texture": "#planks"},
				"south": {"uv": [0, 0, 8, 2], "texture": "#planks"},
				"west": {"uv": [0, 0, 2, 2], "texture": "#planks"},
				"up": {"uv": [0, 0, 8, 2], "texture": "#planks"},
				"down": {"uv": [0, 0, 8, 2], "texture": "#planks"}
			}
		},
		{
			"from": [5, 1, 7],
			"to": [13, 3, 9],
			"rotation": {"angle": 22.5, "axis": "z", "origin": [0, 0, 0]},
			"faces": {
				"north": {"uv": [8, 13, 16, 15], "texture": "#planks"},
				"east": {"uv": [8, 13, 10, 15], "texture": "#planks"},
				"south": {"uv": [8, 13, 16, 15], "texture": "#planks"},
				"west": {"uv": [8, 13, 10, 15], "texture": "#planks"},
				"up": {"uv": [8, 13, 16, 15], "texture": "#planks"},
				"down": {"uv": [8, 13, 16, 15], "texture": "#planks"}
			}
		},
		{
			"from": [4.0005, 2, 7.0005],
			"to": [5.9995, 13, 8.9995],
			"rotation": {"angle": 22.5, "axis": "z", "origin": [0, 0, 0]},
			"faces": {
				"north": {"uv": [0, 8, 11, 10], "rotation": 90, "texture": "#planks"},
				"east": {"uv": [0, 8, 11, 10], "rotation": 90, "texture": "#planks"},
				"south": {"uv": [0, 8, 11, 10], "rotation": 90, "texture": "#planks"},
				"west": {"uv": [0, 8, 11, 10], "rotation": 90, "texture": "#planks"},
				"up": {"uv": [0, 0, 2, 2], "texture": "#planks"},
				"down": {"uv": [0, 0, 2, 2], "texture": "#planks"}
			}
		},
		{
			"from": [9, 6.5, 7.5],
			"to": [10, 16.5, 8.5],
			"rotation": {"angle": 22.5, "axis": "z", "origin": [8, 8, 8]},
			"faces": {
				"north": {"uv": [8, 2, 9, 12], "texture": "#rod"},
				"east": {"uv": [8, 2, 9, 12], "texture": "#rod"},
				"south": {"uv": [8, 2, 9, 12], "texture": "#rod"},
				"west": {"uv": [8, 2, 9, 12], "texture": "#rod"},
				"up": {"uv": [8, 3, 9, 4], "texture": "#rod"},
				"down": {"uv": [8, 3, 9, 4], "texture": "#rod"}
			}
		},
		{
			"from": [8, 3.5, 4],
			"to": [16, 11.5, 12],
			"rotation": {"angle": 22.5, "axis": "z", "origin": [0, 0, 0]},
			"faces": {
				"north": {"uv": [4, 4, 8, 8], "texture": "#0"},
				"east": {"uv": [0, 4, 4, 8], "texture": "#0"},
				"south": {"uv": [12, 4, 16, 8], "texture": "#0"},
				"west": {"uv": [8, 4, 12, 8], "texture": "#0"},
				"up": {"uv": [8, 4, 4, 0], "texture": "#0"},
				"down": {"uv": [12, 0, 8, 4], "texture": "#0"}
			}
		}
	],
	"display": {
		"thirdperson_righthand": {
			"rotation": [75, 45, 0],
			"translation": [0, 2.5, 0],
			"scale": [0.375, 0.375, 0.375]
		},
		"thirdperson_lefthand": {
			"rotation": [75, 45, 0],
			"translation": [0, 2.5, 0],
			"scale": [0.375, 0.375, 0.375]
		},
		"firstperson_righthand": {
			"rotation": [0, 45, 0],
			"scale": [0.4, 0.4, 0.4]
		},
		"firstperson_lefthand": {
			"rotation": [0, 225, 0],
			"scale": [0.4, 0.4, 0.4]
		},
		"ground": {
			"translation": [0, 3, 0],
			"scale": [0.25, 0.25, 0.25]
		},
		"gui": {
			"rotation": [30, 225, 0],
			"scale": [0.625, 0.625, 0.625]
		},
		"fixed": {
			"scale": [0.5, 0.5, 0.5]
		}
	}
}