{
	"textures": {
		"0": "block/stone"
	},
	"elements": [
		{
			"name": "head",
			"from": [5.76, 13.44, 5.76],
			"to": [10.24, 17.92, 10.24],
			"rotation": {"angle": 0, "axis": "y", "origin": [8, 13.44, 8]},
			"faces": {
				"north": {"uv": [2, 2, 10, 10], "texture": "#0"},
				"east": {"uv": [0, 2, 8, 10], "texture": "#0"},
				"south": {"uv": [6, 2, 14, 10], "texture": "#0"},
				"west": {"uv": [4, 2, 12, 10], "texture": "#0"},
				"up": {"uv": [10, 8, 2, 0], "texture": "#0"},
				"down": {"uv": [12, 0, 4, 8], "texture": "#0"}
			}
		},
		{
			"name": "body",
			"from": [5.76, 6.72, 6.88],
			"to": [10.24, 13.44, 9.12],
			"rotation": {"angle": 0, "axis": "y", "origin": [8, 0, 8]},
			"faces": {
				"north": {"uv": [5, 4, 13, 16], "texture": "#0"},
				"east": {"uv": [4, 4, 8, 16], "texture": "#0"},
				"south": {"uv": [8, 4, 16, 16], "texture": "#0"},
				"west": {"uv": [7, 4, 11, 16], "texture": "#0"},
				"up": {"uv": [13, 8, 5, 4], "texture": "#0"},
				"down": {"uv": [15, 4, 7, 8], "texture": "#0"}
			}
		},
		{
			"name": "left_arm",
			"from": [3.52, 6.72, 6.88],
			"to": [5.76, 13.44, 9.12],
			"rotation": {"angle": 0, "axis": "z", "origin": [4.64, 12.32, 8]},
			"faces": {
				"north": {"uv": [9, 4, 13, 16], "texture": "#0"},
				"east": {"uv": [8, 4, 12, 16], "texture": "#0"},
				"south": {"uv": [11, 4, 15, 16], "texture": "#0"},
				"west": {"uv": [10, 4, 14, 16], "texture": "#0"},
				"up": {"uv": [13, 16, 9, 12], "texture": "#0"},
				"down": {"uv": [14, 12, 10, 16], "texture": "#0"}
			}
		},
		{
			"name": "right_arm",
			"from": [10.24, 6.72, 6.88],
			"to": [12.48, 13.44, 9.12],
			"rotation": {"angle": 0, "axis": "z", "origin": [11.36, 12.32, 8]},
			"faces": {
				"north": {"uv": [11, 4, 15, 16], "texture": "#0"},
				"east": {"uv": [10, 4, 14, 16], "texture": "#0"},
				"south": {"uv": [12, 4, 16, 16], "texture": "#0"},
				"west": {"uv": [12, 4, 16, 16], "texture": "#0"},
				"up": {"uv": [15, 8, 11, 4], "texture": "#0"},
				"down": {"uv": [16, 4, 12, 8], "texture": "#0"}
			}
		},
		{
			"name": "left_leg",
			"from": [5.76, 0, 6.88],
			"to": [8, 6.72, 9.12],
			"rotation": {"angle": 0, "axis": "z", "origin": [6.88, 6.36, 8]},
			"faces": {
				"north": {"uv": [5, 4, 9, 16], "texture": "#0"},
				"east": {"uv": [4, 4, 8, 16], "texture": "#0"},
				"south": {"uv": [7, 4, 11, 16], "texture": "#0"},
				"west": {"uv": [6, 4, 10, 16], "texture": "#0"},
				"up": {"uv": [9, 16, 5, 12], "texture": "#0"},
				"down": {"uv": [10, 12, 6, 16], "texture": "#0"}
			}
		},
		{
			"name": "right_leg",
			"from": [8, 0, 6.88],
			"to": [10.24, 6.72, 9.12],
			"rotation": {"angle": 0, "axis": "y", "origin": [9.12, 6.72, 8]},
			"faces": {
				"north": {"uv": [1, 4, 5, 16], "texture": "#0"},
				"east": {"uv": [0, 4, 4, 16], "texture": "#0"},
				"south": {"uv": [3, 4, 7, 16], "texture": "#0"},
				"west": {"uv": [2, 4, 6, 16], "texture": "#0"},
				"up": {"uv": [5, 8, 1, 4], "texture": "#0"},
				"down": {"uv": [6, 4, 2, 8], "texture": "#0"}
			}
		}
	],
	"display": {
		"thirdperson_righthand": {
			"rotation": [75, 45, 0],
			"translation": [0, 2.5, 0],
			"scale": [0.375, 0.375, 0.375]
		},
		"thirdperson_lefthand": {
			"rotation": [75, 45, 0],
			"translation": [0, 2.5, 0],
			"scale": [0.375, 0.375, 0.375]
		},
		"firstperson_righthand": {
			"rotation": [0, 45, 0],
			"scale": [0.4, 0.4, 0.4]
		},
		"firstperson_lefthand": {
			"rotation": [0, 225, 0],
			"scale": [0.4, 0.4, 0.4]
		},
		"ground": {
			"translation": [0, 3, 0],
			"scale": [0.25, 0.25, 0.25]
		},
		"gui": {
			"rotation": [30, 225, 0],
			"scale": [0.625, 0.625, 0.625]
		},
		"fixed": {
			"scale": [0.5, 0.5, 0.5]
		}
	},
	"groups": [
		{
			"name": "head",
			"origin": [8, 13.44, 8],
			"color": 0,
			"nbt": "{}",
			"children": [0]
		},
		{
			"name": "body",
			"origin": [8, 13.44, 8],
			"color": 0,
			"nbt": "{}",
			"children": [1]
		},
		{
			"name": "left_arm",
			"origin": [10.8, 12.32, 8],
			"color": 0,
			"nbt": "{}",
			"children": [2]
		},
		{
			"name": "right_arm",
			"origin": [5.2, 12.32, 8],
			"color": 0,
			"nbt": "{}",
			"children": [3]
		},
		{
			"name": "left_leg",
			"origin": [9.12, 6.72, 8],
			"color": 0,
			"nbt": "{}",
			"children": [4]
		},
		{
			"name": "right_leg",
			"origin": [6.88, 6.72, 8],
			"color": 0,
			"nbt": "{}",
			"children": [5]
		}
	]
}