{"providers":[{"type":"space","advances":{"a":-8,"b":-168}},{"type":"bitmap","file":"polyfactory:sgui/crafter.png","ascent":13,"height":256,"chars":["c"]},{"type":"bitmap","file":"polyfactory:sgui/grinder.png","ascent":13,"height":256,"chars":["d"]},{"type":"bitmap","file":"polyfactory:sgui/press.png","ascent":13,"height":256,"chars":["e"]},{"type":"bitmap","file":"polyfactory:sgui/mixer.png","ascent":13,"height":256,"chars":["f"]},{"type":"bitmap","file":"polyfactory:sgui/steam_engine.png","ascent":13,"height":256,"chars":["g"]},{"type":"bitmap","file":"polyfactory:sgui/center_slot.png","ascent":13,"height":256,"chars":["h"]},{"type":"bitmap","file":"polyfactory:sgui/fill3.png","ascent":13,"height":256,"chars":["i"]},{"type":"bitmap","file":"polyfactory:sgui/polydex/0.png","ascent":-4,"height":128,"chars":["j","k"]},{"type":"bitmap","file":"polyfactory:sgui/polydex/1.png","ascent":-4,"height":128,"chars":["l","m"]}]}