{
	"texture_size": [64, 32],
	"textures": {
		"particle": "entity/signs/oak",
		"planks": "entity/signs/oak"
	},
	"elements": [
		{
			"from": [0, 6, 7.5],
			"to": [17, 11, 8.5],
			"faces": {
				"north": {"uv": [1.75, 0.5, 6, 3], "texture": "#planks"},
				"east": {"uv": [1.75, 0.5, 2, 3], "texture": "#planks"},
				"south": {"uv": [6, 0.5, 1.75, 3], "texture": "#planks"},
				"west": {"uv": [9.75, 0.5, 10, 3], "texture": "#planks"},
				"up": {"uv": [1.75, 4.5, 6, 5], "texture": "#planks"},
				"down": {"uv": [6.25, 4.5, 10.5, 5], "texture": "#planks"}
			}
		},
		{
			"from": [-1, 7, 7.5],
			"to": [0, 10, 8.5],
			"faces": {
				"north": {"uv": [3.75, 3.5, 4, 5], "texture": "#planks"},
				"east": {"uv": [3.75, 3.5, 4, 5], "texture": "#planks"},
				"south": {"uv": [4, 3.5, 3.75, 5], "texture": "#planks"},
				"west": {"uv": [3.75, 3.5, 4, 5], "texture": "#planks"},
				"up": {"uv": [2.5, 4.5, 2.75, 5], "texture": "#planks"},
				"down": {"uv": [4, 4.5, 4.25, 5], "texture": "#planks"}
			}
		},
		{
			"from": [-2, 8, 7.5],
			"to": [-1, 9, 8.5],
			"faces": {
				"north": {"uv": [3.5, 4.5, 3.75, 5], "texture": "#planks"},
				"east": {"uv": [4.5, 4.5, 4.75, 5], "texture": "#planks"},
				"south": {"uv": [5, 4.5, 4.75, 5], "texture": "#planks"},
				"west": {"uv": [4.75, 4.5, 5, 5], "texture": "#planks"},
				"up": {"uv": [2.5, 4.5, 2.75, 5], "texture": "#planks"},
				"down": {"uv": [4, 4.5, 4.25, 5], "texture": "#planks"}
			}
		}
	],
	"gui_light": "front",
	"display": {
		"thirdperson_righthand": {
			"rotation": [75, 45, 0],
			"translation": [0, 2.5, 0],
			"scale": [0.375, 0.375, 0.375]
		},
		"thirdperson_lefthand": {
			"rotation": [75, 45, 0],
			"translation": [0, 2.5, 0],
			"scale": [0.375, 0.375, 0.375]
		},
		"firstperson_righthand": {
			"rotation": [0, -45, 0],
			"translation": [0, 2.5, 0],
			"scale": [0.4, 0.4, 0.4]
		},
		"firstperson_lefthand": {
			"rotation": [0, 115, 0],
			"translation": [0, 2.5, 0],
			"scale": [0.4, 0.4, 0.4]
		},
		"ground": {
			"translation": [0, 3, 0],
			"scale": [0.25, 0.25, 0.25]
		},
		"gui": {
			"rotation": [0, 180, 0],
			"translation": [-0.25, 0, 0],
			"scale": [0.8, 0.8, 0.8]
		},
		"head": {
			"rotation": [0, 180, 0],
			"translation": [0, -4.5, -7]
		},
		"fixed": {
			"scale": [0.5, 0.5, 0.5]
		}
	}
}