{"credit":"Made with Blockbench","parent":"minecraft:block/block","ambientocclusion":false,"textures":{"0":"polyfactory:block/axle","particle":"polyfactory:block/axle"},"elements":[{"from":[5,0,5],"to":[11,16,11],"faces":{"north":{"uv":[0,0,6,16],"texture":"#0"},"east":{"uv":[0,0,6,16],"texture":"#0"},"south":{"uv":[0,0,6,16],"texture":"#0"},"west":{"uv":[0,0,6,16],"texture":"#0"},"up":{"uv":[6,0,12,6],"texture":"#0"},"down":{"uv":[6,0,12,6],"texture":"#0"}}}],"display":{"thirdperson_righthand":{"rotation":[60,45,0],"scale":[0.375,0.375,0.375]},"thirdperson_lefthand":{"rotation":[60,45,0],"scale":[0.375,0.375,0.375]},"firstperson_righthand":{"rotation":[0,45,0],"scale":[0.4,0.4,0.4]},"firstperson_lefthand":{"rotation":[0,225,0],"scale":[0.4,0.4,0.4]},"ground":{"translation":[0,3,0],"scale":[0.25,0.25,0.25]},"gui":{"rotation":[30,225,0],"scale":[0.625,0.625,0.625]},"head":{"rotation":[90,0,90],"translation":[0,-0.25,0]},"fixed":{"scale":[0.5,0.5,0.5]}}}