{"credit":"Made with Blockbench","parent":"minecraft:block/block","ambientocclusion":false,"texture_size":[32,32],"textures":{"0":"polyfactory:block/axle","1":"polyfactory:block/gear","particle":"polyfactory:block/axle"},"elements":[{"from":[5,0,5],"to":[11,16,11],"faces":{"north":{"uv":[0,0,6,16],"texture":"#0"},"east":{"uv":[0,0,6,16],"texture":"#0"},"south":{"uv":[0,0,6,16],"texture":"#0"},"west":{"uv":[0,0,6,16],"texture":"#0"},"up":{"uv":[6,0,12,6],"texture":"#0"},"down":{"uv":[6,0,12,6],"texture":"#0"}}},{"from":[2,6.01,2],"to":[14,9.99,14],"rotation":{"angle":45,"axis":"y","origin":[8,8,8]},"faces":{"north":{"uv":[6.5,6,12.5,7.99],"texture":"#1"},"east":{"uv":[6.5,6,12.5,7.99],"texture":"#1"},"south":{"uv":[6.5,6,12.5,7.99],"texture":"#1"},"west":{"uv":[6.5,6,12.5,7.99],"texture":"#1"},"up":{"uv":[6.5,0,12.5,6],"texture":"#1"},"down":{"uv":[6.5,0,12.5,6],"texture":"#1"}}},{"from":[2,6,2],"to":[14,10,14],"rotation":{"angle":0,"axis":"y","origin":[8,8,8]},"faces":{"north":{"uv":[0,6,6,8],"texture":"#1"},"east":{"uv":[0,6,6,8],"texture":"#1"},"south":{"uv":[0,6,6,8],"texture":"#1"},"west":{"uv":[0,6,6,8],"texture":"#1"},"up":{"uv":[0,0,6,6],"texture":"#1"},"down":{"uv":[0,0,6,6],"texture":"#1"}}},{"from":[-1,6.5,6.5],"to":[17,9.5,9.5],"rotation":{"angle":0,"axis":"y","origin":[8,8,8]},"faces":{"north":{"uv":[13,0,14.5,9],"rotation":90,"texture":"#1"},"east":{"uv":[14.5,9,16,10.5],"rotation":180,"texture":"#1"},"south":{"uv":[13,0,14.5,9],"rotation":270,"texture":"#1"},"west":{"uv":[14.5,9,16,10.5],"texture":"#1"},"up":{"uv":[14.5,0,16,9],"rotation":270,"texture":"#1"},"down":{"uv":[14.5,0,16,9],"rotation":270,"texture":"#1"}}},{"from":[-1,6.5,6.5],"to":[17,9.5,9.5],"rotation":{"angle":-45,"axis":"y","origin":[8,8,8]},"faces":{"north":{"uv":[13,0,14.5,9],"rotation":90,"texture":"#1"},"east":{"uv":[14.5,9,16,10.5],"rotation":180,"texture":"#1"},"south":{"uv":[13,0,14.5,9],"rotation":270,"texture":"#1"},"west":{"uv":[14.5,9,16,10.5],"texture":"#1"},"up":{"uv":[14.5,0,16,9],"rotation":270,"texture":"#1"},"down":{"uv":[14.5,0,16,9],"rotation":270,"texture":"#1"}}},{"from":[6.5,6.5,-1],"to":[9.5,9.5,17],"rotation":{"angle":0,"axis":"y","origin":[8,8,8]},"faces":{"north":{"uv":[14.5,9,16,10.5],"texture":"#1"},"east":{"uv":[13,0,14.5,9],"rotation":90,"texture":"#1"},"south":{"uv":[14.5,9,16,10.5],"rotation":180,"texture":"#1"},"west":{"uv":[13,0,14.5,9],"rotation":270,"texture":"#1"},"up":{"uv":[14.5,0,16,9],"texture":"#1"},"down":{"uv":[14.5,0,16,9],"rotation":180,"texture":"#1"}}},{"from":[6.5,6.5,-1],"to":[9.5,9.5,17],"rotation":{"angle":-45,"axis":"y","origin":[8,8,8]},"faces":{"north":{"uv":[14.5,9,16,10.5],"texture":"#1"},"east":{"uv":[13,0,14.5,9],"rotation":90,"texture":"#1"},"south":{"uv":[14.5,9,16,10.5],"rotation":180,"texture":"#1"},"west":{"uv":[13,0,14.5,9],"rotation":270,"texture":"#1"},"up":{"uv":[14.5,0,16,9],"texture":"#1"},"down":{"uv":[14.5,0,16,9],"rotation":180,"texture":"#1"}}}],"display":{"thirdperson_righthand":{"rotation":[60,45,0],"scale":[0.375,0.375,0.375]},"thirdperson_lefthand":{"rotation":[60,45,0],"scale":[0.375,0.375,0.375]},"firstperson_righthand":{"rotation":[0,45,0],"scale":[0.4,0.4,0.4]},"firstperson_lefthand":{"rotation":[0,225,0],"scale":[0.4,0.4,0.4]},"ground":{"translation":[0,3,0],"scale":[0.25,0.25,0.25]},"gui":{"rotation":[30,225,0],"scale":[0.625,0.625,0.625]},"head":{"rotation":[90,0,90],"translation":[0,-0.25,0]},"fixed":{"scale":[0.5,0.5,0.5]}},"groups":[0,{"name":"group","origin":[0,0,0],"color":0,"nbt":"{}","children":[1,2,3,4,5,6]}]}