{"textures":{"0":"polyfactory:block/lamp/cage_mesh","1":"polyfactory:block/lamp/on_cage","2":"polyfactory:block/lamp/caged_base","3":"polyfactory:block/empty","4":"polyfactory:block/lamp/cage_mesh_side","5":"polyfactory:block/lamp/on_overlay","particle":"polyfactory:block/lamp/cage_mesh"},"elements":[{"from":[2,0,2],"to":[14,2,14],"faces":{"north":{"uv":[0,12,12,14],"texture":"#2"},"east":{"uv":[0,12,12,14],"texture":"#2"},"south":{"uv":[0,12,12,14],"texture":"#2"},"west":{"uv":[0,12,12,14],"texture":"#2"},"up":{"uv":[0,0,12,12],"texture":"#2"},"down":{"uv":[0,0,12,12],"texture":"#2"}}},{"from":[4,2,4],"to":[12,13,12],"faces":{"north":{"uv":[0,0,8,11],"texture":"#1","tintindex":1},"east":{"uv":[0,0,8,11],"texture":"#1","tintindex":1},"south":{"uv":[0,0,8,11],"texture":"#1","tintindex":1},"west":{"uv":[0,0,8,11],"texture":"#1","tintindex":1},"up":{"uv":[8,0,16,8],"texture":"#1","tintindex":1},"down":{"uv":[8,0,16,8],"texture":"#1","tintindex":0}}},{"from":[3.5,2,3.5],"to":[12.5,13.5,12.5],"faces":{"north":{"uv":[0,0,8,11],"texture":"#5","tintindex":1},"east":{"uv":[0,0,8,11],"texture":"#5","tintindex":1},"south":{"uv":[0,0,8,11],"texture":"#5","tintindex":1},"west":{"uv":[0,0,8,11],"texture":"#5","tintindex":1},"up":{"uv":[0,2,8,10],"texture":"#5","tintindex":1},"down":{"uv":[0,2,8,10],"texture":"#1","tintindex":0}}},{"from":[3,2,3],"to":[13,14,13],"faces":{"north":{"uv":[0,0,10,12],"texture":"#4"},"east":{"uv":[0,0,10,12],"texture":"#4"},"south":{"uv":[0,0,10,12],"texture":"#4"},"west":{"uv":[0,0,10,12],"texture":"#4"},"up":{"uv":[0,0,10,10],"texture":"#0"},"down":{"uv":[0,0,10,10],"texture":"#3"}}},{"from":[3,2,13],"to":[13,14,3],"faces":{"north":{"uv":[0,0,10,12],"texture":"#0"},"east":{"uv":[0,0,10,12],"texture":"#0"},"south":{"uv":[0,0,10,12],"texture":"#0"},"west":{"uv":[0,0,10,12],"texture":"#0"},"up":{"uv":[0,0,10,10],"texture":"#0"},"down":{"uv":[0,0,10,10],"texture":"#3"}}}],"display":{"thirdperson_righthand":{"rotation":[75,45,0],"translation":[0,2.5,0],"scale":[0.375,0.375,0.375]},"thirdperson_lefthand":{"rotation":[75,45,0],"translation":[0,2.5,0],"scale":[0.375,0.375,0.375]},"firstperson_righthand":{"rotation":[0,45,0],"scale":[0.4,0.4,0.4]},"firstperson_lefthand":{"rotation":[0,225,0],"scale":[0.4,0.4,0.4]},"ground":{"translation":[0,3,0],"scale":[0.25,0.25,0.25]},"gui":{"rotation":[30,225,0],"scale":[0.625,0.625,0.625]},"fixed":{"scale":[0.5,0.5,0.5]}}}