{"credit":"Made with Blockbench","textures":{"all":"polyfactory:block/lamp/off"},"elements":[{"from":[0,0,0],"to":[16,16,16],"faces":{"north":{"uv":[0,0,16,16],"texture":"#all","tintindex":1},"east":{"uv":[0,0,16,16],"texture":"#all","tintindex":1},"south":{"uv":[0,0,16,16],"texture":"#all","tintindex":1},"west":{"uv":[0,0,16,16],"texture":"#all","tintindex":1},"up":{"uv":[0,0,16,16],"texture":"#all","tintindex":1},"down":{"uv":[0,0,16,16],"texture":"#all","tintindex":1}}}],"display":{"thirdperson_righthand":{"rotation":[75,45,0],"translation":[0,2.5,0],"scale":[0.375,0.375,0.375]},"thirdperson_lefthand":{"rotation":[75,45,0],"translation":[0,2.5,0],"scale":[0.375,0.375,0.375]},"firstperson_righthand":{"rotation":[0,45,0],"scale":[0.4,0.4,0.4]},"firstperson_lefthand":{"rotation":[0,225,0],"scale":[0.4,0.4,0.4]},"ground":{"translation":[0,3,0],"scale":[0.25,0.25,0.25]},"gui":{"rotation":[30,225,0],"scale":[0.625,0.625,0.625]},"fixed":{"scale":[0.5,0.5,0.5]}}}