{"credit":"Made with Blockbench","texture_size":[32,32],"textures":{"1":"polyfactory:block/conveyor_top","2":"polyfactory:block/conveyor_side","particle":"polyfactory:block/conveyor_top"},"elements":[{"name":"center","from":[0,0,0],"to":[16,16,16],"faces":{"north":{"uv":[0,0,16,16],"texture":"#2"},"east":{"uv":[0,0.5,8,8.5],"rotation":90,"texture":"#1"},"south":{"uv":[0,0,16,16],"texture":"#2"},"west":{"uv":[0,0.5,8,8.5],"rotation":270,"texture":"#1"},"up":{"uv":[0,0.5,8,8.5],"texture":"#1"},"down":{"uv":[0,0.5,8,8.5],"rotation":180,"texture":"#1"}}}],"display":{"thirdperson_righthand":{"rotation":[75,45,0],"translation":[0,2.5,0],"scale":[0.375,0.375,0.375]},"thirdperson_lefthand":{"rotation":[75,45,0],"translation":[0,2.5,0],"scale":[0.375,0.375,0.375]},"firstperson_righthand":{"rotation":[0,45,0],"scale":[0.4,0.4,0.4]},"firstperson_lefthand":{"rotation":[0,225,0],"scale":[0.4,0.4,0.4]},"ground":{"translation":[0,3,0],"scale":[0.25,0.25,0.25]},"gui":{"rotation":[30,225,0],"scale":[0.625,0.625,0.625]},"fixed":{"scale":[0.5,0.5,0.5]}}}