{"credit":"Made with Blockbench","texture_size":[32,32],"textures":{"1":"polyfactory:block/conveyor_top","3":"polyfactory:block/conveyor_side_stair","particle":"polyfactory:block/conveyor_top"},"elements":[{"name":"center","from":[0,0,0],"to":[16,8,16],"faces":{"north":{"uv":[16,8,0,16],"texture":"#3","cullface":"south"},"east":{"uv":[1.5,10,6.5,13],"rotation":270,"texture":"#1"},"south":{"uv":[0,8,16,16],"texture":"#3","cullface":"north"},"west":{"uv":[8,12,16,16],"rotation":180,"texture":"#1","cullface":"up"},"up":{"uv":[0,9.5,9,12],"rotation":180,"texture":"#1","cullface":"up"},"down":{"uv":[8,10.5,15.5,16],"rotation":180,"texture":"#1","cullface":"up"}}},{"name":"center","from":[0,8,0],"to":[8,16,16],"faces":{"north":{"uv":[8,0,0,8],"texture":"#3","cullface":"south"},"east":{"uv":[15,15,16,16],"rotation":180,"texture":"#1","cullface":"up"},"south":{"uv":[0,0,8,8],"texture":"#3","cullface":"north"},"west":{"uv":[15,15,16,16],"rotation":180,"texture":"#1","cullface":"up"},"up":{"uv":[15,15,16,16],"rotation":180,"texture":"#1","cullface":"up"},"down":{"uv":[0,0,8,16],"texture":"#1"}}},{"name":"top","from":[2,14,-1],"to":[8,16,17],"faces":{"north":{"uv":[7,1.5,4,0.5],"rotation":180,"texture":"#1"},"east":{"uv":[3,0,4,9],"rotation":270,"texture":"#1"},"south":{"uv":[7,0.5,4,1.5],"texture":"#1"},"west":{"uv":[15,0,16,9],"rotation":270,"texture":"#1"},"up":{"uv":[4,0,7,9],"rotation":180,"texture":"#1"},"down":{"uv":[4,0,7,9],"rotation":180,"texture":"#1"}}},{"name":"top_back","from":[0,14,-1],"to":[2,16,17],"faces":{"north":{"uv":[8,1.5,7,0.5],"rotation":180,"texture":"#1"},"east":{"uv":[4,0,5,9],"rotation":90,"texture":"#1"},"south":{"uv":[8,0.5,7,1.5],"texture":"#1"},"west":{"uv":[0,0,1,9],"rotation":90,"texture":"#1"},"up":{"uv":[8,9,7,0],"texture":"#1"},"down":{"uv":[0,0,1,9],"rotation":180,"texture":"#1"}}},{"name":"top","from":[8,6,-1],"to":[14,8,17],"faces":{"north":{"uv":[8,1.5,5,0.5],"rotation":180,"texture":"#1"},"east":{"uv":[9,0,10,9],"rotation":180,"texture":"#1"},"south":{"uv":[5,1.5,8,0.5],"rotation":180,"texture":"#1"},"west":{"uv":[5,0,6,9],"rotation":180,"texture":"#1"},"up":{"uv":[5,0,8,9],"rotation":180,"texture":"#1"},"down":{"uv":[5,0,8,9],"rotation":180,"texture":"#1"}}},{"name":"_top_front","from":[14,6,-1],"to":[16,8,17],"faces":{"north":{"uv":[3,0.5,4,1.5],"rotation":270,"texture":"#1"},"east":{"uv":[4,9,3,0],"rotation":90,"texture":"#1"},"south":{"uv":[4,0.5,3,1.5],"rotation":90,"texture":"#1"},"west":{"uv":[5,9,4,0],"rotation":270,"texture":"#1"},"up":{"uv":[5,9,4,0],"texture":"#1"},"down":{"uv":[4,9,5,0],"rotation":180,"texture":"#1"}}},{"name":"bottom","from":[2,0,-1],"to":[14,2,17],"faces":{"north":{"uv":[7,1.5,1,0.5],"texture":"#1"},"east":{"uv":[6.5,0,7.5,9],"texture":"#1"},"south":{"uv":[1,1.5,7,0.5],"texture":"#1"},"west":{"uv":[5,0,6,9],"texture":"#1"},"up":{"uv":[1,0,7,9],"texture":"#1"},"down":{"uv":[1,0,7,9],"texture":"#1"}}},{"name":"bottom_back","from":[0,0,-1],"to":[2,2,17],"faces":{"north":{"uv":[8,0.5,7,1.5],"texture":"#1"},"east":{"uv":[10.5,0,11.5,9],"texture":"#1"},"south":{"uv":[7,1.5,8,0.5],"rotation":90,"texture":"#1"},"west":{"uv":[7,0,8,9],"rotation":90,"texture":"#1"},"up":{"uv":[9,0,8,9],"texture":"#1"},"down":{"uv":[8,0,9,9],"texture":"#1"}}},{"name":"back","from":[0,2,-1],"to":[2,14,17],"faces":{"north":{"uv":[7,1.5,1,0.5],"rotation":270,"texture":"#1"},"east":{"uv":[7,0,1,9],"rotation":270,"texture":"#1"},"south":{"uv":[1,1.5,7,0.5],"rotation":90,"texture":"#1"},"west":{"uv":[1,0,7,9],"rotation":90,"texture":"#1"},"up":{"uv":[0,0,1,9],"texture":"#1"},"down":{"uv":[1,0,2,9],"rotation":180,"texture":"#1"}}},{"name":"top","from":[6,6,-1],"to":[8,14,17],"faces":{"north":{"uv":[7,0.5,11,1.5],"rotation":270,"texture":"#1"},"east":{"uv":[7,0,11,9],"rotation":270,"texture":"#1"},"south":{"uv":[7,1.5,11,0.5],"rotation":270,"texture":"#1"},"west":{"uv":[7,0,11,9],"rotation":270,"texture":"#1"},"up":{"uv":[12,0,13,9],"texture":"#1"},"down":{"uv":[12,0,13,9],"rotation":180,"texture":"#1"}}},{"name":"front","from":[14,2,-1],"to":[16,6,17],"faces":{"north":{"uv":[1,0.5,3,1.5],"rotation":270,"texture":"#1"},"east":{"uv":[1,0,3,9],"rotation":270,"texture":"#1"},"south":{"uv":[1,1.5,3,0.5],"rotation":270,"texture":"#1"},"west":{"uv":[1,0,3,9],"rotation":270,"texture":"#1"},"up":{"uv":[1,0,2,9],"rotation":270,"texture":"#1"},"down":{"uv":[8,0,9,9],"rotation":270,"texture":"#1"}}},{"name":"bottom_front","from":[14,0,-1],"to":[16,2,17],"faces":{"north":{"uv":[7,0.5,8,1.5],"rotation":180,"texture":"#1"},"east":{"uv":[9,9,8,0],"rotation":90,"texture":"#1"},"south":{"uv":[8,0.5,7,1.5],"rotation":180,"texture":"#1"},"west":{"uv":[8,9,9,0],"rotation":270,"texture":"#1"},"up":{"uv":[9,9,8,0],"texture":"#1"},"down":{"uv":[8,9,7,0],"rotation":180,"texture":"#1"}}}],"display":{"thirdperson_righthand":{"rotation":[75,45,0],"translation":[0,2.5,0],"scale":[0.375,0.375,0.375]},"thirdperson_lefthand":{"rotation":[75,45,0],"translation":[0,2.5,0],"scale":[0.375,0.375,0.375]},"firstperson_righthand":{"rotation":[0,45,0],"scale":[0.4,0.4,0.4]},"firstperson_lefthand":{"rotation":[0,225,0],"scale":[0.4,0.4,0.4]},"ground":{"translation":[0,3,0],"scale":[0.25,0.25,0.25]},"gui":{"rotation":[30,225,0],"scale":[0.625,0.625,0.625]},"fixed":{"scale":[0.5,0.5,0.5]}}}