{"credit":"Made with Blockbench","texture_size":[32,32],"textures":{"1":"polyfactory:block/conveyor_top","2":"polyfactory:block/conveyor_side","particle":"polyfactory:block/conveyor_top"},"elements":[{"name":"top","from":[2,14,-1],"to":[14,16,17],"faces":{"north":{"uv":[7,0.5,1,1.5],"texture":"#1"},"east":{"uv":[1,0,2,9],"rotation":90,"texture":"#1"},"south":{"uv":[1,0.5,7,1.5],"texture":"#1"},"west":{"uv":[6,0,7,9],"rotation":270,"texture":"#1"},"up":{"uv":[1,0,7,9],"texture":"#1"},"down":{"uv":[7,0,1,9],"rotation":180,"texture":"#1"}}},{"name":"bottom","from":[2,0,-1],"to":[14,2,17],"faces":{"north":{"uv":[7,0.5,1,1.5],"rotation":180,"texture":"#1"},"east":{"uv":[6,0,7,9],"rotation":90,"texture":"#1"},"south":{"uv":[1,0.5,7,1.5],"rotation":180,"texture":"#1"},"west":{"uv":[1,0,2,9],"rotation":270,"texture":"#1"},"up":{"uv":[7,0,1,9],"texture":"#1"},"down":{"uv":[1,0,7,9],"rotation":180,"texture":"#1"}}},{"name":"top_back","from":[14,14,-1],"to":[16,16,17],"faces":{"north":{"uv":[8,0.5,7,1.5],"texture":"#1"},"east":{"uv":[0,0,1,9],"rotation":90,"texture":"#1"},"south":{"uv":[7,0.5,8,1.5],"texture":"#1"},"west":{"uv":[7,0,8,9],"rotation":270,"texture":"#1"},"up":{"uv":[7,0,8,9],"texture":"#1"},"down":{"uv":[8,0,7,9],"rotation":180,"texture":"#1"}}},{"name":"bottom_front","from":[0,0,-1],"to":[2,2,17],"faces":{"north":{"uv":[8,0.5,7,1.5],"rotation":180,"texture":"#1"},"east":{"uv":[7,0,8,9],"rotation":90,"texture":"#1"},"south":{"uv":[7,0.5,8,1.5],"rotation":180,"texture":"#1"},"west":{"uv":[0,0,1,9],"rotation":270,"texture":"#1"},"up":{"uv":[8,0,7,9],"texture":"#1"},"down":{"uv":[7,0,8,9],"rotation":180,"texture":"#1"}}},{"name":"top_front","from":[0,14,-1],"to":[2,16,17],"faces":{"north":{"uv":[1,0.5,0,1.5],"texture":"#1"},"east":{"uv":[0,0,1,9],"rotation":90,"texture":"#1"},"south":{"uv":[0,0.5,1,1.5],"texture":"#1"},"west":{"uv":[7,0,8,9],"rotation":270,"texture":"#1"},"up":{"uv":[0,0,1,9],"texture":"#1"},"down":{"uv":[1,0,0,9],"rotation":180,"texture":"#1"}}},{"name":"bottom_back","from":[14,0,-1],"to":[16,2,17],"faces":{"north":{"uv":[1,0.5,0,1.5],"rotation":180,"texture":"#1"},"east":{"uv":[7,0,8,9],"rotation":90,"texture":"#1"},"south":{"uv":[0,0.5,1,1.5],"rotation":180,"texture":"#1"},"west":{"uv":[0,0,1,9],"rotation":270,"texture":"#1"},"up":{"uv":[1,0,0,9],"texture":"#1"},"down":{"uv":[0,0,1,9],"rotation":180,"texture":"#1"}}},{"name":"back","from":[14,2,-1],"to":[16,14,17],"faces":{"north":{"uv":[1,1.5,7,0.5],"rotation":90,"texture":"#1"},"east":{"uv":[1,0,7,9],"rotation":90,"texture":"#1"},"south":{"uv":[1,0.5,7,1.5],"rotation":90,"texture":"#1"},"west":{"uv":[7,0,1,9],"rotation":270,"texture":"#1"},"up":{"uv":[0,0,1,9],"texture":"#1"},"down":{"uv":[1,0,0,9],"rotation":180,"texture":"#1"}}},{"name":"front","from":[0,2,-1],"to":[2,14,17],"faces":{"north":{"uv":[7,0.5,1,1.5],"rotation":90,"texture":"#1"},"east":{"uv":[1,0,7,9],"rotation":270,"texture":"#1"},"south":{"uv":[7,1.5,1,0.5],"rotation":90,"texture":"#1"},"west":{"uv":[7,9,1,0],"rotation":90,"texture":"#1"},"up":{"uv":[0,0,1,9],"rotation":180,"texture":"#1"},"down":{"uv":[1,0,0,9],"texture":"#1"}}},{"name":"center","from":[0,0,0],"to":[16,16,16],"faces":{"north":{"uv":[0,0,16,16],"texture":"#2"},"east":{"uv":[15.5,11.5,16,16],"texture":"#1"},"south":{"uv":[0,0,16,16],"texture":"#2"},"west":{"uv":[15,11,16,16],"texture":"#1"},"up":{"uv":[13.5,13,16,16],"texture":"#1"},"down":{"uv":[13.5,12.5,16,16],"texture":"#1"}}}],"display":{"thirdperson_righthand":{"rotation":[75,45,0],"translation":[0,2.5,0],"scale":[0.375,0.375,0.375]},"thirdperson_lefthand":{"rotation":[75,45,0],"translation":[0,2.5,0],"scale":[0.375,0.375,0.375]},"firstperson_righthand":{"rotation":[0,45,0],"scale":[0.4,0.4,0.4]},"firstperson_lefthand":{"rotation":[0,225,0],"scale":[0.4,0.4,0.4]},"ground":{"translation":[0,3,0],"scale":[0.25,0.25,0.25]},"gui":{"rotation":[30,225,0],"scale":[0.625,0.625,0.625]},"fixed":{"scale":[0.5,0.5,0.5]}}}