{"textures":{"0":"polyfactory:block/steel_plate_rot_input","1":"polyfactory:block/fan_side","2":"polyfactory:block/fan_top","3":"polyfactory:block/fan_top_inside","particle":"polyfactory:block/steel_plate_rot_input"},"elements":[{"from":[0,0,0],"to":[16,16,16],"faces":{"north":{"uv":[0,0,16,16],"texture":"#1"},"east":{"uv":[0,0,16,16],"texture":"#1"},"south":{"uv":[0,0,16,16],"texture":"#1"},"west":{"uv":[0,0,16,16],"texture":"#1"},"up":{"uv":[0,0,16,16],"texture":"#2"},"down":{"uv":[0,0,16,16],"texture":"#0"}}},{"from":[0,16,0],"to":[16,8,16],"faces":{"north":{"uv":[0,0,16,8],"rotation":180,"texture":"#1"},"east":{"uv":[0,0,16,8],"rotation":180,"texture":"#1"},"south":{"uv":[0,0,16,8],"rotation":180,"texture":"#1"},"west":{"uv":[0,0,16,8],"rotation":180,"texture":"#1"},"up":{"uv":[0,0,16,16],"rotation":180,"texture":"#3"},"down":{"uv":[0,0,16,11],"rotation":180,"texture":"#2"}}}],"display":{"thirdperson_righthand":{"rotation":[75,45,0],"translation":[0,2.5,0],"scale":[0.375,0.375,0.375]},"thirdperson_lefthand":{"rotation":[75,45,0],"translation":[0,2.5,0],"scale":[0.375,0.375,0.375]},"firstperson_righthand":{"rotation":[0,45,0],"scale":[0.4,0.4,0.4]},"firstperson_lefthand":{"rotation":[0,225,0],"scale":[0.4,0.4,0.4]},"ground":{"translation":[0,3,0],"scale":[0.25,0.25,0.25]},"gui":{"rotation":[30,225,0],"scale":[0.625,0.625,0.625]},"fixed":{"scale":[0.5,0.5,0.5]}}}