{"textures":{"0":"polyfactory:block/fan","particle":"polyfactory:block/fan"},"elements":[{"from":[7,7,7],"to":[9,10,9],"faces":{"north":{"uv":[4,13,6,16],"texture":"#0"},"east":{"uv":[2,13,4,16],"texture":"#0"},"south":{"uv":[6,13,8,16],"texture":"#0"},"west":{"uv":[0,13,2,16],"texture":"#0"},"up":{"uv":[8,14,10,16],"texture":"#0"},"down":{"uv":[8,14,10,16],"texture":"#0"}}},{"from":[2,9,2],"to":[14,9,14],"faces":{"north":{"uv":[0,0,12,0],"texture":"#0"},"east":{"uv":[0,0,12,0],"texture":"#0"},"south":{"uv":[0,0,12,0],"texture":"#0"},"west":{"uv":[0,0,12,0],"texture":"#0"},"up":{"uv":[0,0,12,12],"texture":"#0"},"down":{"uv":[0,12,12,0],"texture":"#0"}}}],"display":{"thirdperson_righthand":{"rotation":[75,45,0],"translation":[0,2.5,0],"scale":[0.375,0.375,0.375]},"thirdperson_lefthand":{"rotation":[75,45,0],"translation":[0,2.5,0],"scale":[0.375,0.375,0.375]},"firstperson_righthand":{"rotation":[0,45,0],"scale":[0.4,0.4,0.4]},"firstperson_lefthand":{"rotation":[0,225,0],"scale":[0.4,0.4,0.4]},"ground":{"translation":[0,3,0],"scale":[0.25,0.25,0.25]},"gui":{"rotation":[30,225,0],"scale":[0.625,0.625,0.625]},"fixed":{"scale":[0.5,0.5,0.5]}}}