{"textures":{"1":"block/oak_log","all":"polyfactory:block/gearbox","particle":"block/oak_log"},"elements":[{"from":[2,2,2],"to":[14,14,14],"faces":{"north":{"uv":[2,2,14,14],"texture":"#all"},"east":{"uv":[2,2,14,14],"texture":"#all"},"south":{"uv":[2,2,14,14],"texture":"#all"},"west":{"uv":[2,2,14,14],"texture":"#all"},"up":{"uv":[2,2,14,14],"texture":"#all"},"down":{"uv":[2,2,14,14],"texture":"#all"}}},{"from":[14,0,2],"to":[16,2,14],"faces":{"north":{"uv":[8,14,10,16],"rotation":90,"texture":"#1"},"east":{"uv":[6,0,8,12],"rotation":90,"texture":"#1"},"south":{"uv":[8,0,10,2],"rotation":90,"texture":"#1"},"west":{"uv":[4,0,6,12],"rotation":90,"texture":"#1"},"up":{"uv":[8,0,10,12],"rotation":180,"texture":"#1"},"down":{"uv":[10,0,12,12],"texture":"#1"}}},{"from":[0,0,2],"to":[2,2,14],"faces":{"north":{"uv":[8,14,10,16],"rotation":90,"texture":"#1"},"east":{"uv":[6,0,8,12],"rotation":90,"texture":"#1"},"south":{"uv":[8,0,10,2],"rotation":90,"texture":"#1"},"west":{"uv":[4,0,6,12],"rotation":90,"texture":"#1"},"up":{"uv":[8,0,10,12],"rotation":180,"texture":"#1"},"down":{"uv":[10,0,12,12],"texture":"#1"}}},{"from":[0,0,14],"to":[16,2,16],"faces":{"north":{"uv":[6,0,8,16],"rotation":90,"texture":"#1"},"east":{"uv":[8,0,10,2],"rotation":90,"texture":"#1"},"south":{"uv":[4,0,6,16],"rotation":90,"texture":"#1"},"west":{"uv":[8,14,10,16],"rotation":90,"texture":"#1"},"up":{"uv":[8,0,10,16],"rotation":90,"texture":"#1"},"down":{"uv":[10,0,12,16],"rotation":90,"texture":"#1"}}},{"from":[0,0,0],"to":[16,2,2],"faces":{"north":{"uv":[6,0,8,16],"rotation":90,"texture":"#1"},"east":{"uv":[14,4,16,6],"rotation":90,"texture":"#1"},"south":{"uv":[4,0,6,16],"rotation":90,"texture":"#1"},"west":{"uv":[14,6,16,8],"rotation":90,"texture":"#1"},"up":{"uv":[10,0,12,16],"rotation":90,"texture":"#1"},"down":{"uv":[6,0,8,16],"rotation":90,"texture":"#1"}}},{"from":[14,14,2],"to":[16,16,14],"faces":{"north":{"uv":[8,14,10,16],"rotation":90,"texture":"#1"},"east":{"uv":[6,0,8,12],"rotation":90,"texture":"#1"},"south":{"uv":[8,0,10,2],"rotation":90,"texture":"#1"},"west":{"uv":[4,0,6,12],"rotation":90,"texture":"#1"},"up":{"uv":[8,0,10,12],"rotation":180,"texture":"#1"},"down":{"uv":[10,0,12,12],"texture":"#1"}}},{"from":[0,14,2],"to":[2,16,14],"faces":{"north":{"uv":[8,14,10,16],"rotation":90,"texture":"#1"},"east":{"uv":[6,0,8,12],"rotation":90,"texture":"#1"},"south":{"uv":[8,0,10,2],"rotation":90,"texture":"#1"},"west":{"uv":[4,0,6,12],"rotation":90,"texture":"#1"},"up":{"uv":[8,0,10,12],"rotation":180,"texture":"#1"},"down":{"uv":[10,0,12,12],"texture":"#1"}}},{"from":[0,14,14],"to":[16,16,16],"faces":{"north":{"uv":[6,0,8,16],"rotation":90,"texture":"#1"},"east":{"uv":[8,0,10,2],"rotation":90,"texture":"#1"},"south":{"uv":[4,0,6,16],"rotation":90,"texture":"#1"},"west":{"uv":[8,14,10,16],"rotation":90,"texture":"#1"},"up":{"uv":[8,0,10,16],"rotation":90,"texture":"#1"},"down":{"uv":[10,0,12,16],"rotation":90,"texture":"#1"}}},{"from":[0,14,0],"to":[16,16,2],"faces":{"north":{"uv":[6,0,8,16],"rotation":90,"texture":"#1"},"east":{"uv":[14,4,16,6],"rotation":90,"texture":"#1"},"south":{"uv":[4,0,6,16],"rotation":90,"texture":"#1"},"west":{"uv":[14,6,16,8],"rotation":90,"texture":"#1"},"up":{"uv":[10,0,12,16],"rotation":90,"texture":"#1"},"down":{"uv":[6,0,8,16],"rotation":90,"texture":"#1"}}},{"from":[0,2,0],"to":[2,14,2],"faces":{"north":{"uv":[8,0,10,12],"texture":"#1"},"east":{"uv":[6,0,8,12],"rotation":180,"texture":"#1"},"south":{"uv":[10,0,12,12],"texture":"#1"},"west":{"uv":[4,0,6,12],"texture":"#1"},"up":{"uv":[8,0,10,2],"rotation":90,"texture":"#1"},"down":{"uv":[8,14,10,16],"rotation":270,"texture":"#1"}}},{"from":[0,2,14],"to":[2,14,16],"faces":{"north":{"uv":[8,0,10,12],"texture":"#1"},"east":{"uv":[6,0,8,12],"rotation":180,"texture":"#1"},"south":{"uv":[10,0,12,12],"texture":"#1"},"west":{"uv":[4,0,6,12],"texture":"#1"},"up":{"uv":[8,0,10,2],"rotation":90,"texture":"#1"},"down":{"uv":[8,14,10,16],"rotation":270,"texture":"#1"}}},{"from":[14,2,14],"to":[16,14,16],"faces":{"north":{"uv":[8,0,10,12],"texture":"#1"},"east":{"uv":[6,0,8,12],"rotation":180,"texture":"#1"},"south":{"uv":[10,0,12,12],"texture":"#1"},"west":{"uv":[4,0,6,12],"texture":"#1"},"up":{"uv":[8,0,10,2],"rotation":90,"texture":"#1"},"down":{"uv":[8,14,10,16],"rotation":270,"texture":"#1"}}},{"from":[14,2,0],"to":[16,14,2],"faces":{"north":{"uv":[8,0,10,12],"texture":"#1"},"east":{"uv":[6,0,8,12],"rotation":180,"texture":"#1"},"south":{"uv":[10,0,12,12],"texture":"#1"},"west":{"uv":[4,0,6,12],"texture":"#1"},"up":{"uv":[8,0,10,2],"rotation":90,"texture":"#1"},"down":{"uv":[8,14,10,16],"rotation":270,"texture":"#1"}}}],"display":{"thirdperson_righthand":{"rotation":[75,45,0],"translation":[0,2.5,0],"scale":[0.375,0.375,0.375]},"thirdperson_lefthand":{"rotation":[75,45,0],"translation":[0,2.5,0],"scale":[0.375,0.375,0.375]},"firstperson_righthand":{"rotation":[0,45,0],"scale":[0.4,0.4,0.4]},"firstperson_lefthand":{"rotation":[0,225,0],"scale":[0.4,0.4,0.4]},"ground":{"translation":[0,3,0],"scale":[0.25,0.25,0.25]},"gui":{"rotation":[30,225,0],"scale":[0.625,0.625,0.625]},"fixed":{"scale":[0.5,0.5,0.5]}},"groups":[0,{"name":"group","origin":[0,0,0],"color":0,"nbt":"{}","children":[1,2,3,4]},{"name":"group","origin":[0,0,0],"color":0,"nbt":"{}","children":[5,6,7,8]},9,10,11,12]}