{"texture_size":[32,32],"textures":{"0":"polyfactory:block/gear","particle":"polyfactory:block/gear"},"elements":[{"from":[2,6.01,2],"to":[14,9.99,14],"rotation":{"angle":45,"axis":"y","origin":[8,8,8]},"faces":{"north":{"uv":[6.5,6,12.5,7.99],"texture":"#0"},"east":{"uv":[6.5,6,12.5,7.99],"texture":"#0"},"south":{"uv":[6.5,6,12.5,7.99],"texture":"#0"},"west":{"uv":[6.5,6,12.5,7.99],"texture":"#0"},"up":{"uv":[6.5,0,12.5,6],"texture":"#0"},"down":{"uv":[6.5,0,12.5,6],"texture":"#0"}}},{"from":[2,6,2],"to":[14,10,14],"rotation":{"angle":0,"axis":"y","origin":[8,8,8]},"faces":{"north":{"uv":[0,6,6,8],"texture":"#0"},"east":{"uv":[0,6,6,8],"texture":"#0"},"south":{"uv":[0,6,6,8],"texture":"#0"},"west":{"uv":[0,6,6,8],"texture":"#0"},"up":{"uv":[0,0,6,6],"texture":"#0"},"down":{"uv":[0,0,6,6],"texture":"#0"}}},{"from":[-1,6.5,6.5],"to":[17,9.5,9.5],"rotation":{"angle":0,"axis":"y","origin":[8,8,8]},"faces":{"north":{"uv":[13,0,14.5,9],"rotation":90,"texture":"#0"},"east":{"uv":[14.5,9,16,10.5],"rotation":180,"texture":"#0"},"south":{"uv":[13,0,14.5,9],"rotation":270,"texture":"#0"},"west":{"uv":[14.5,9,16,10.5],"texture":"#0"},"up":{"uv":[14.5,0,16,9],"rotation":270,"texture":"#0"},"down":{"uv":[14.5,0,16,9],"rotation":270,"texture":"#0"}}},{"from":[-1,6.5,6.5],"to":[17,9.5,9.5],"rotation":{"angle":-45,"axis":"y","origin":[8,8,8]},"faces":{"north":{"uv":[13,0,14.5,9],"rotation":90,"texture":"#0"},"east":{"uv":[14.5,9,16,10.5],"rotation":180,"texture":"#0"},"south":{"uv":[13,0,14.5,9],"rotation":270,"texture":"#0"},"west":{"uv":[14.5,9,16,10.5],"texture":"#0"},"up":{"uv":[14.5,0,16,9],"rotation":270,"texture":"#0"},"down":{"uv":[14.5,0,16,9],"rotation":270,"texture":"#0"}}},{"from":[6.5,6.5,-1],"to":[9.5,9.5,17],"rotation":{"angle":0,"axis":"y","origin":[8,8,8]},"faces":{"north":{"uv":[14.5,9,16,10.5],"texture":"#0"},"east":{"uv":[13,0,14.5,9],"rotation":90,"texture":"#0"},"south":{"uv":[14.5,9,16,10.5],"rotation":180,"texture":"#0"},"west":{"uv":[13,0,14.5,9],"rotation":270,"texture":"#0"},"up":{"uv":[14.5,0,16,9],"texture":"#0"},"down":{"uv":[14.5,0,16,9],"rotation":180,"texture":"#0"}}},{"from":[6.5,6.5,-1],"to":[9.5,9.5,17],"rotation":{"angle":-45,"axis":"y","origin":[8,8,8]},"faces":{"north":{"uv":[14.5,9,16,10.5],"texture":"#0"},"east":{"uv":[13,0,14.5,9],"rotation":90,"texture":"#0"},"south":{"uv":[14.5,9,16,10.5],"rotation":180,"texture":"#0"},"west":{"uv":[13,0,14.5,9],"rotation":270,"texture":"#0"},"up":{"uv":[14.5,0,16,9],"texture":"#0"},"down":{"uv":[14.5,0,16,9],"rotation":180,"texture":"#0"}}}],"groups":[{"name":"group","origin":[0,0,0],"color":0,"nbt":"{}","children":[0,1,2,3,4,5]}]}