{"parent":"minecraft:item/generated","textures":{"layer0":"minecraft:block/allium"},"overrides":[{"model":"polydecorations:sgui/elements/empty","predicate":{"custom_model_data":2}},{"model":"polydecorations:sgui/elements/polydex","predicate":{"custom_model_data":3}},{"model":"polyfactory:sgui/elements/empty","predicate":{"custom_model_data":4}},{"model":"polyfactory:sgui/elements/polydex","predicate":{"custom_model_data":5}},{"model":"polyfactory:sgui/elements/button/plus","predicate":{"custom_model_data":6}},{"model":"polyfactory:sgui/elements/button/minus","predicate":{"custom_model_data":7}},{"model":"polyfactory:sgui/elements/locked_slot","predicate":{"custom_model_data":8}},{"model":"polyfactory:sgui/elements/gen/flame_1","predicate":{"custom_model_data":9}},{"model":"polyfactory:sgui/elements/gen/flame_2","predicate":{"custom_model_data":10}},{"model":"polyfactory:sgui/elements/gen/flame_3","predicate":{"custom_model_data":11}},{"model":"polyfactory:sgui/elements/gen/flame_4","predicate":{"custom_model_data":12}},{"model":"polyfactory:sgui/elements/gen/flame_5","predicate":{"custom_model_data":13}},{"model":"polyfactory:sgui/elements/gen/flame_6","predicate":{"custom_model_data":14}},{"model":"polyfactory:sgui/elements/gen/flame_7","predicate":{"custom_model_data":15}},{"model":"polyfactory:sgui/elements/gen/flame_8","predicate":{"custom_model_data":16}},{"model":"polyfactory:sgui/elements/gen/flame_9","predicate":{"custom_model_data":17}},{"model":"polyfactory:sgui/elements/gen/flame_10","predicate":{"custom_model_data":18}},{"model":"polyfactory:sgui/elements/gen/flame_11","predicate":{"custom_model_data":19}},{"model":"polyfactory:sgui/elements/gen/flame_12","predicate":{"custom_model_data":20}},{"model":"polyfactory:sgui/elements/gen/flame_13","predicate":{"custom_model_data":21}},{"model":"polyfactory:sgui/elements/gen/flame_offset_right_9","predicate":{"custom_model_data":22}},{"model":"polyfactory:sgui/elements/gen/flame_offset_right_10","predicate":{"custom_model_data":23}},{"model":"polyfactory:sgui/elements/gen/flame_offset_right_11","predicate":{"custom_model_data":24}},{"model":"polyfactory:sgui/elements/gen/flame_offset_right_12","predicate":{"custom_model_data":25}},{"model":"polyfactory:sgui/elements/gen/flame_offset_right_13","predicate":{"custom_model_data":26}},{"model":"polyfactory:sgui/elements/gen/flame_offset_right_14","predicate":{"custom_model_data":27}},{"model":"polyfactory:sgui/elements/gen/flame_offset_right_15","predicate":{"custom_model_data":28}},{"model":"polyfactory:sgui/elements/gen/flame_offset_right_16","predicate":{"custom_model_data":29}},{"model":"polyfactory:sgui/elements/gen/flame_offset_right_17","predicate":{"custom_model_data":30}},{"model":"polyfactory:sgui/elements/gen/flame_offset_right_18","predicate":{"custom_model_data":31}},{"model":"polyfactory:sgui/elements/gen/flame_offset_right_19","predicate":{"custom_model_data":32}},{"model":"polyfactory:sgui/elements/gen/flame_offset_right_20","predicate":{"custom_model_data":33}},{"model":"polyfactory:sgui/elements/gen/flame_offset_right_21","predicate":{"custom_model_data":34}},{"model":"polyfactory:sgui/elements/gen/progress_vertical_0","predicate":{"custom_model_data":35}},{"model":"polyfactory:sgui/elements/gen/progress_vertical_1","predicate":{"custom_model_data":36}},{"model":"polyfactory:sgui/elements/gen/progress_vertical_2","predicate":{"custom_model_data":37}},{"model":"polyfactory:sgui/elements/gen/progress_vertical_3","predicate":{"custom_model_data":38}},{"model":"polyfactory:sgui/elements/gen/progress_vertical_4","predicate":{"custom_model_data":39}},{"model":"polyfactory:sgui/elements/gen/progress_vertical_5","predicate":{"custom_model_data":40}},{"model":"polyfactory:sgui/elements/gen/progress_vertical_6","predicate":{"custom_model_data":41}},{"model":"polyfactory:sgui/elements/gen/progress_vertical_7","predicate":{"custom_model_data":42}},{"model":"polyfactory:sgui/elements/gen/progress_vertical_8","predicate":{"custom_model_data":43}},{"model":"polyfactory:sgui/elements/gen/progress_vertical_9","predicate":{"custom_model_data":44}},{"model":"polyfactory:sgui/elements/gen/progress_vertical_10","predicate":{"custom_model_data":45}},{"model":"polyfactory:sgui/elements/gen/progress_vertical_11","predicate":{"custom_model_data":46}},{"model":"polyfactory:sgui/elements/gen/progress_vertical_12","predicate":{"custom_model_data":47}},{"model":"polyfactory:sgui/elements/gen/progress_vertical_13","predicate":{"custom_model_data":48}},{"model":"polyfactory:sgui/elements/gen/progress_vertical_14","predicate":{"custom_model_data":49}},{"model":"polyfactory:sgui/elements/gen/progress_horizontal_0","predicate":{"custom_model_data":50}},{"model":"polyfactory:sgui/elements/gen/progress_horizontal_1","predicate":{"custom_model_data":51}},{"model":"polyfactory:sgui/elements/gen/progress_horizontal_2","predicate":{"custom_model_data":52}},{"model":"polyfactory:sgui/elements/gen/progress_horizontal_3","predicate":{"custom_model_data":53}},{"model":"polyfactory:sgui/elements/gen/progress_horizontal_4","predicate":{"custom_model_data":54}},{"model":"polyfactory:sgui/elements/gen/progress_horizontal_5","predicate":{"custom_model_data":55}},{"model":"polyfactory:sgui/elements/gen/progress_horizontal_6","predicate":{"custom_model_data":56}},{"model":"polyfactory:sgui/elements/gen/progress_horizontal_7","predicate":{"custom_model_data":57}},{"model":"polyfactory:sgui/elements/gen/progress_horizontal_8","predicate":{"custom_model_data":58}},{"model":"polyfactory:sgui/elements/gen/progress_horizontal_9","predicate":{"custom_model_data":59}},{"model":"polyfactory:sgui/elements/gen/progress_horizontal_10","predicate":{"custom_model_data":60}},{"model":"polyfactory:sgui/elements/gen/progress_horizontal_11","predicate":{"custom_model_data":61}},{"model":"polyfactory:sgui/elements/gen/progress_horizontal_12","predicate":{"custom_model_data":62}},{"model":"polyfactory:sgui/elements/gen/progress_horizontal_13","predicate":{"custom_model_data":63}},{"model":"polyfactory:sgui/elements/gen/progress_horizontal_14","predicate":{"custom_model_data":64}},{"model":"polyfactory:sgui/elements/gen/progress_horizontal_offset_right_6","predicate":{"custom_model_data":65}},{"model":"polyfactory:sgui/elements/gen/progress_horizontal_offset_right_7","predicate":{"custom_model_data":66}},{"model":"polyfactory:sgui/elements/gen/progress_horizontal_offset_right_8","predicate":{"custom_model_data":67}},{"model":"polyfactory:sgui/elements/gen/progress_horizontal_offset_right_9","predicate":{"custom_model_data":68}},{"model":"polyfactory:sgui/elements/gen/progress_horizontal_offset_right_10","predicate":{"custom_model_data":69}},{"model":"polyfactory:sgui/elements/gen/progress_horizontal_offset_right_11","predicate":{"custom_model_data":70}},{"model":"polyfactory:sgui/elements/gen/progress_horizontal_offset_right_12","predicate":{"custom_model_data":71}},{"model":"polyfactory:sgui/elements/gen/progress_horizontal_offset_right_13","predicate":{"custom_model_data":72}},{"model":"polyfactory:sgui/elements/gen/progress_horizontal_offset_right_14","predicate":{"custom_model_data":73}},{"model":"polyfactory:sgui/elements/gen/progress_horizontal_offset_right_15","predicate":{"custom_model_data":74}},{"model":"polyfactory:sgui/elements/gen/progress_horizontal_offset_right_16","predicate":{"custom_model_data":75}},{"model":"polyfactory:sgui/elements/gen/progress_horizontal_offset_right_17","predicate":{"custom_model_data":76}},{"model":"polyfactory:sgui/elements/gen/progress_horizontal_offset_right_18","predicate":{"custom_model_data":77}},{"model":"polyfactory:sgui/elements/gen/progress_horizontal_offset_right_19","predicate":{"custom_model_data":78}},{"model":"polyfactory:sgui/elements/gen/progress_horizontal_offset_right_20","predicate":{"custom_model_data":79}},{"model":"polyfactory:sgui/elements/gen/progress_horizontal_offset_right_21","predicate":{"custom_model_data":80}},{"model":"polyfactory:sgui/elements/gen/progress_horizontal_offset_right_22","predicate":{"custom_model_data":81}},{"model":"polyfactory:sgui/elements/gen/progress_horizontal_offset_right_23","predicate":{"custom_model_data":82}},{"model":"polyfactory:sgui/elements/gen/progress_horizontal_offset_right_24","predicate":{"custom_model_data":83}},{"model":"polyfactory:sgui/elements/gen/progress_horizontal_offset_right_25","predicate":{"custom_model_data":84}}]}