{"parent":"minecraft:item/generated","textures":{"layer0":"minecraft:item/brick"},"overrides":[{"model":"polydecorations:block/spruce_shelf_double","predicate":{"custom_model_data":2}},{"model":"polydecorations:block/mangrove_shelf_top","predicate":{"custom_model_data":3}},{"model":"polydecorations:block/acacia_bench_middle","predicate":{"custom_model_data":4}},{"model":"polydecorations:block/warped_bench_middle","predicate":{"custom_model_data":5}},{"model":"polydecorations:item/crimson_shelf","predicate":{"custom_model_data":6}},{"model":"polydecorations:item/acacia_bench","predicate":{"custom_model_data":7}},{"model":"polydecorations:block/statue/stone/body","predicate":{"custom_model_data":8}},{"model":"polydecorations:block/statue/blackstone/left_leg","predicate":{"custom_model_data":9}},{"model":"polydecorations:block/statue/red_sandstone/body","predicate":{"custom_model_data":10}},{"model":"polydecorations:block/statue/oak/left_leg","predicate":{"custom_model_data":11}},{"model":"polydecorations:block/statue/birch/right_leg","predicate":{"custom_model_data":12}},{"model":"polydecorations:item/cherry_statue","predicate":{"custom_model_data":13}},{"model":"polydecorations:block/statue/crimson/head","predicate":{"custom_model_data":14}},{"model":"polydecorations:block/statue/mangrove/body","predicate":{"custom_model_data":15}},{"model":"polydecorations:item/canvas","predicate":{"custom_model_data":16}},{"model":"polyfactory:block/hologram_projector_active","predicate":{"custom_model_data":17}},{"model":"polyfactory:item/placer","predicate":{"custom_model_data":18}},{"model":"polyfactory:item/large_steel_gear","predicate":{"custom_model_data":19}},{"model":"polyfactory:item/wireless_redstone_receiver","predicate":{"custom_model_data":20}},{"model":"polyfactory:block/planter_output_2","predicate":{"custom_model_data":21}}]}