{"parent":"minecraft:item/generated","textures":{"layer0":"minecraft:item/clay_ball"},"overrides":[{"model":"polydecorations:block/acacia_shelf_top","predicate":{"custom_model_data":2}},{"model":"polydecorations:block/bamboo_shelf_double","predicate":{"custom_model_data":3}},{"model":"polydecorations:block/cherry_bench_middle","predicate":{"custom_model_data":4}},{"model":"polydecorations:block/mangrove_bench_middle","predicate":{"custom_model_data":5}},{"model":"polydecorations:item/warped_shelf","predicate":{"custom_model_data":6}},{"model":"polydecorations:item/oak_sign_post","predicate":{"custom_model_data":7}},{"model":"polydecorations:block/statue/stone/left_leg","predicate":{"custom_model_data":8}},{"model":"polydecorations:block/statue/prismarine/body","predicate":{"custom_model_data":9}},{"model":"polydecorations:block/statue/red_sandstone/left_leg","predicate":{"custom_model_data":10}},{"model":"polydecorations:block/statue/spruce/head","predicate":{"custom_model_data":11}},{"model":"polydecorations:block/statue/acacia/body","predicate":{"custom_model_data":12}},{"model":"polydecorations:block/statue/jungle/left_arm","predicate":{"custom_model_data":13}},{"model":"polydecorations:block/statue/crimson/right_arm","predicate":{"custom_model_data":14}},{"model":"polydecorations:block/statue/mangrove/left_leg","predicate":{"custom_model_data":15}},{"model":"polydecorations:item/blackstone_statue","predicate":{"custom_model_data":16}},{"model":"polyfactory:item/conveyor","predicate":{"custom_model_data":17}},{"model":"polyfactory:item/gearbox","predicate":{"custom_model_data":18}},{"model":"polyfactory:item/integrated_circuit","predicate":{"custom_model_data":19}},{"model":"polyfactory:item/electric_generator","predicate":{"custom_model_data":20}}]}