{"parent":"item/generated","textures":{"layer0":"item/feather"},"display":{"head":{"rotation":[0,0,45],"translation":[-1,13,7],"scale":[1,1,1]}},"overrides":[{"model":"polydecorations:block/oak_shelf_double","predicate":{"custom_model_data":2}},{"model":"polydecorations:block/warped_shelf_top","predicate":{"custom_model_data":3}},{"model":"polydecorations:block/acacia_bench_left","predicate":{"custom_model_data":4}},{"model":"polydecorations:block/warped_bench_left","predicate":{"custom_model_data":5}},{"model":"polydecorations:item/bamboo_shelf","predicate":{"custom_model_data":6}},{"model":"polydecorations:item/birch_bench","predicate":{"custom_model_data":7}},{"model":"polydecorations:item/bamboo_sign_post","predicate":{"custom_model_data":8}},{"model":"polydecorations:block/statue/blackstone/left_arm","predicate":{"custom_model_data":9}},{"model":"polydecorations:block/statue/sandstone/right_leg","predicate":{"custom_model_data":10}},{"model":"polydecorations:block/statue/oak/left_arm","predicate":{"custom_model_data":11}},{"model":"polydecorations:block/statue/birch/right_arm","predicate":{"custom_model_data":12}},{"model":"polydecorations:block/statue/cherry/left_leg","predicate":{"custom_model_data":13}},{"model":"polydecorations:block/statue/dark_oak/right_leg","predicate":{"custom_model_data":14}},{"model":"polydecorations:item/warped_statue","predicate":{"custom_model_data":15}},{"model":"polydecorations:item/display_case","predicate":{"custom_model_data":16}},{"model":"polydecorations:block/globe_earth","predicate":{"custom_model_data":17}},{"model":"polyfactory:item/mixer","predicate":{"custom_model_data":18}},{"model":"polyfactory:item/steel_plate","predicate":{"custom_model_data":19}},{"model":"polyfactory:item/nixie_tube_controller","predicate":{"custom_model_data":20}},{"model":"polyfactory:block/axle_short","predicate":{"custom_model_data":21}}]}