{"parent":"minecraft:item/generated","textures":{"layer0":"minecraft:item/flint"},"overrides":[{"model":"polydecorations:block/birch_shelf_double","predicate":{"custom_model_data":2}},{"model":"polydecorations:block/bamboo_shelf_top","predicate":{"custom_model_data":3}},{"model":"polydecorations:block/cherry_bench_right","predicate":{"custom_model_data":4}},{"model":"polydecorations:block/mangrove_bench_right","predicate":{"custom_model_data":5}},{"model":"polydecorations:item/birch_shelf","predicate":{"custom_model_data":6}},{"model":"polydecorations:item/mangrove_bench","predicate":{"custom_model_data":7}},{"model":"polydecorations:block/statue/stone/right_arm","predicate":{"custom_model_data":8}},{"model":"polydecorations:block/statue/prismarine/head","predicate":{"custom_model_data":9}},{"model":"polydecorations:block/statue/red_sandstone/right_arm","predicate":{"custom_model_data":10}},{"model":"polydecorations:item/oak_statue","predicate":{"custom_model_data":11}},{"model":"polydecorations:block/statue/acacia/head","predicate":{"custom_model_data":12}},{"model":"polydecorations:block/statue/jungle/body","predicate":{"custom_model_data":13}},{"model":"polydecorations:block/statue/crimson/left_arm","predicate":{"custom_model_data":14}},{"model":"polydecorations:block/statue/mangrove/right_arm","predicate":{"custom_model_data":15}},{"model":"polydecorations:item/deepslate_statue","predicate":{"custom_model_data":16}},{"model":"polyfactory:item/wrench","predicate":{"custom_model_data":17}},{"model":"polyfactory:item/axle","predicate":{"custom_model_data":18}},{"model":"polyfactory:item/treated_dried_kelp","predicate":{"custom_model_data":19}},{"model":"polyfactory:item/electric_motor","predicate":{"custom_model_data":20}},{"model":"polyfactory:block/tiny_potato_spring","predicate":{"custom_model_data":21}}]}