{"parent":"minecraft:item/generated","textures":{"layer0":"minecraft:item/ghast_tear"},"overrides":[{"model":"polydecorations:block/crimson_shelf_top","predicate":{"custom_model_data":2}},{"model":"polydecorations:block/birch_bench_right","predicate":{"custom_model_data":3}},{"model":"polydecorations:block/crimson_bench_right","predicate":{"custom_model_data":4}},{"model":"polydecorations:item/oak_shelf","predicate":{"custom_model_data":5}},{"model":"polydecorations:item/crimson_bench","predicate":{"custom_model_data":6}},{"model":"polydecorations:item/warped_sign_post","predicate":{"custom_model_data":7}},{"model":"polydecorations:block/statue/blackstone/head","predicate":{"custom_model_data":8}},{"model":"polydecorations:block/statue/sandstone/right_arm","predicate":{"custom_model_data":9}},{"model":"polydecorations:block/statue/oak/head","predicate":{"custom_model_data":10}},{"model":"polydecorations:block/statue/birch/body","predicate":{"custom_model_data":11}},{"model":"polydecorations:block/statue/cherry/left_arm","predicate":{"custom_model_data":12}},{"model":"polydecorations:block/statue/dark_oak/right_arm","predicate":{"custom_model_data":13}},{"model":"polydecorations:block/statue/warped/left_leg","predicate":{"custom_model_data":14}},{"model":"polydecorations:block/statue/bamboo/right_leg","predicate":{"custom_model_data":15}},{"model":"polydecorations:block/unlit_brazier","predicate":{"custom_model_data":16}},{"model":"polyfactory:item/press","predicate":{"custom_model_data":17}},{"model":"polyfactory:item/steel_alloy_mixture","predicate":{"custom_model_data":18}},{"model":"polyfactory:item/item_reader","predicate":{"custom_model_data":19}},{"model":"polyfactory:item/crushed_raw_gold","predicate":{"custom_model_data":20}}]}