{"parent":"minecraft:item/generated","textures":{"layer0":"minecraft:item/gunpowder"},"overrides":[{"model":"polydecorations:block/dark_oak_shelf_top","predicate":{"custom_model_data":2}},{"model":"polydecorations:block/spruce_bench_middle","predicate":{"custom_model_data":3}},{"model":"polydecorations:block/dark_oak_bench_middle","predicate":{"custom_model_data":4}},{"model":"polydecorations:item/soul_brazier","predicate":{"custom_model_data":5}},{"model":"polydecorations:item/bamboo_bench","predicate":{"custom_model_data":6}},{"model":"polydecorations:item/dark_oak_sign_post","predicate":{"custom_model_data":7}},{"model":"polydecorations:block/statue/deepslate/left_leg","predicate":{"custom_model_data":8}},{"model":"polydecorations:block/statue/sandstone/body","predicate":{"custom_model_data":9}},{"model":"polydecorations:block/statue/quartz/left_leg","predicate":{"custom_model_data":10}},{"model":"polydecorations:item/spruce_statue","predicate":{"custom_model_data":11}},{"model":"polydecorations:block/statue/cherry/head","predicate":{"custom_model_data":12}},{"model":"polydecorations:block/statue/dark_oak/body","predicate":{"custom_model_data":13}},{"model":"polydecorations:block/statue/warped/left_arm","predicate":{"custom_model_data":14}},{"model":"polydecorations:block/statue/bamboo/right_arm","predicate":{"custom_model_data":15}},{"model":"polydecorations:block/lantern_support_wall","predicate":{"custom_model_data":16}},{"model":"polyfactory:item/steam_engine","predicate":{"custom_model_data":17}},{"model":"polyfactory:item/ender_dust","predicate":{"custom_model_data":18}},{"model":"polyfactory:item/redstone_input","predicate":{"custom_model_data":19}},{"model":"polyfactory:item/crushed_raw_iron","predicate":{"custom_model_data":20}}]}