{"parent":"minecraft:item/generated","textures":{"layer0":"minecraft:item/leather"},"overrides":[{"model":"polydecorations:block/cherry_shelf_top","predicate":{"custom_model_data":2}},{"model":"polydecorations:block/oak_bench_right","predicate":{"custom_model_data":3}},{"model":"polydecorations:block/jungle_bench_right","predicate":{"custom_model_data":4}},{"model":"polydecorations:block/bamboo_bench_right","predicate":{"custom_model_data":5}},{"model":"polydecorations:item/jungle_shelf","predicate":{"custom_model_data":6}},{"model":"polydecorations:item/birch_sign_post","predicate":{"custom_model_data":7}},{"model":"polydecorations:block/statue/deepslate/head","predicate":{"custom_model_data":8}},{"model":"polydecorations:block/statue/prismarine/right_arm","predicate":{"custom_model_data":9}},{"model":"polydecorations:block/statue/quartz/head","predicate":{"custom_model_data":10}},{"model":"polydecorations:block/statue/spruce/left_arm","predicate":{"custom_model_data":11}},{"model":"polydecorations:block/statue/acacia/right_arm","predicate":{"custom_model_data":12}},{"model":"polydecorations:block/statue/jungle/left_leg","predicate":{"custom_model_data":13}},{"model":"polydecorations:block/statue/crimson/right_leg","predicate":{"custom_model_data":14}},{"model":"polydecorations:item/mangrove_statue","predicate":{"custom_model_data":15}},{"model":"polydecorations:item/sandstone_statue","predicate":{"custom_model_data":16}},{"model":"polyfactory:item/funnel","predicate":{"custom_model_data":17}},{"model":"polyfactory:item/wooden_container","predicate":{"custom_model_data":18}},{"model":"polyfactory:item/creative_container","predicate":{"custom_model_data":19}},{"model":"polyfactory:item/workbench","predicate":{"custom_model_data":20}}]}