{"parent":"minecraft:item/generated","overrides":[{"model":"minecraft:item/leather_helmet_quartz_trim","predicate":{"trim_type":0.1}},{"model":"minecraft:item/leather_helmet_iron_trim","predicate":{"trim_type":0.2}},{"model":"minecraft:item/leather_helmet_netherite_trim","predicate":{"trim_type":0.3}},{"model":"minecraft:item/leather_helmet_redstone_trim","predicate":{"trim_type":0.4}},{"model":"minecraft:item/leather_helmet_copper_trim","predicate":{"trim_type":0.5}},{"model":"minecraft:item/leather_helmet_gold_trim","predicate":{"trim_type":0.6}},{"model":"minecraft:item/leather_helmet_emerald_trim","predicate":{"trim_type":0.7}},{"model":"minecraft:item/leather_helmet_diamond_trim","predicate":{"trim_type":0.8}},{"model":"minecraft:item/leather_helmet_lapis_trim","predicate":{"trim_type":0.9}},{"model":"minecraft:item/leather_helmet_amethyst_trim","predicate":{"trim_type":1.0}},{"model":"polyfactory:block/gen/cable/0","predicate":{"custom_model_data":2}},{"model":"polyfactory:block/gen/cable/5","predicate":{"custom_model_data":3}},{"model":"polyfactory:block/gen/cable/10","predicate":{"custom_model_data":4}},{"model":"polyfactory:block/gen/cable/15","predicate":{"custom_model_data":5}},{"model":"polyfactory:block/gen/cable/20","predicate":{"custom_model_data":6}},{"model":"polyfactory:block/gen/cable/25","predicate":{"custom_model_data":7}},{"model":"polyfactory:block/gen/cable/30","predicate":{"custom_model_data":8}},{"model":"polyfactory:block/gen/cable/35","predicate":{"custom_model_data":9}},{"model":"polyfactory:block/gen/cable/40","predicate":{"custom_model_data":10}},{"model":"polyfactory:block/gen/cable/45","predicate":{"custom_model_data":11}},{"model":"polyfactory:block/gen/cable/50","predicate":{"custom_model_data":12}},{"model":"polyfactory:block/gen/cable/55","predicate":{"custom_model_data":13}},{"model":"polyfactory:block/gen/cable/60","predicate":{"custom_model_data":14}},{"model":"polyfactory:block/redstone_output_overlay","predicate":{"custom_model_data":15}},{"model":"polyfactory:block/redstone_input_overlay","predicate":{"custom_model_data":16}}],"textures":{"layer0":"minecraft:item/leather_helmet","layer1":"minecraft:item/leather_helmet_overlay"}}