{"parent":"minecraft:item/generated","overrides":[{"model":"minecraft:item/leather_boots_quartz_trim","predicate":{"trim_type":0.1}},{"model":"minecraft:item/leather_boots_iron_trim","predicate":{"trim_type":0.2}},{"model":"minecraft:item/leather_boots_netherite_trim","predicate":{"trim_type":0.3}},{"model":"minecraft:item/leather_boots_redstone_trim","predicate":{"trim_type":0.4}},{"model":"minecraft:item/leather_boots_copper_trim","predicate":{"trim_type":0.5}},{"model":"minecraft:item/leather_boots_gold_trim","predicate":{"trim_type":0.6}},{"model":"minecraft:item/leather_boots_emerald_trim","predicate":{"trim_type":0.7}},{"model":"minecraft:item/leather_boots_diamond_trim","predicate":{"trim_type":0.8}},{"model":"minecraft:item/leather_boots_lapis_trim","predicate":{"trim_type":0.9}},{"model":"minecraft:item/leather_boots_amethyst_trim","predicate":{"trim_type":1.0}},{"model":"polyfactory:block/gen/cable/3","predicate":{"custom_model_data":2}},{"model":"polyfactory:block/gen/cable/8","predicate":{"custom_model_data":3}},{"model":"polyfactory:block/gen/cable/13","predicate":{"custom_model_data":4}},{"model":"polyfactory:block/gen/cable/18","predicate":{"custom_model_data":5}},{"model":"polyfactory:block/gen/cable/23","predicate":{"custom_model_data":6}},{"model":"polyfactory:block/gen/cable/28","predicate":{"custom_model_data":7}},{"model":"polyfactory:block/gen/cable/33","predicate":{"custom_model_data":8}},{"model":"polyfactory:block/gen/cable/38","predicate":{"custom_model_data":9}},{"model":"polyfactory:block/gen/cable/43","predicate":{"custom_model_data":10}},{"model":"polyfactory:block/gen/cable/48","predicate":{"custom_model_data":11}},{"model":"polyfactory:block/gen/cable/53","predicate":{"custom_model_data":12}},{"model":"polyfactory:block/gen/cable/58","predicate":{"custom_model_data":13}},{"model":"polyfactory:block/gen/cable/63","predicate":{"custom_model_data":14}}],"textures":{"layer0":"minecraft:item/leather_boots","layer1":"minecraft:item/leather_boots_overlay"}}