{"parent":"minecraft:item/generated","overrides":[{"model":"minecraft:item/leather_chestplate_quartz_trim","predicate":{"trim_type":0.1}},{"model":"minecraft:item/leather_chestplate_iron_trim","predicate":{"trim_type":0.2}},{"model":"minecraft:item/leather_chestplate_netherite_trim","predicate":{"trim_type":0.3}},{"model":"minecraft:item/leather_chestplate_redstone_trim","predicate":{"trim_type":0.4}},{"model":"minecraft:item/leather_chestplate_copper_trim","predicate":{"trim_type":0.5}},{"model":"minecraft:item/leather_chestplate_gold_trim","predicate":{"trim_type":0.6}},{"model":"minecraft:item/leather_chestplate_emerald_trim","predicate":{"trim_type":0.7}},{"model":"minecraft:item/leather_chestplate_diamond_trim","predicate":{"trim_type":0.8}},{"model":"minecraft:item/leather_chestplate_lapis_trim","predicate":{"trim_type":0.9}},{"model":"minecraft:item/leather_chestplate_amethyst_trim","predicate":{"trim_type":1.0}},{"model":"polyfactory:block/gen/cable/1","predicate":{"custom_model_data":2}},{"model":"polyfactory:block/gen/cable/6","predicate":{"custom_model_data":3}},{"model":"polyfactory:block/gen/cable/11","predicate":{"custom_model_data":4}},{"model":"polyfactory:block/gen/cable/16","predicate":{"custom_model_data":5}},{"model":"polyfactory:block/gen/cable/21","predicate":{"custom_model_data":6}},{"model":"polyfactory:block/gen/cable/26","predicate":{"custom_model_data":7}},{"model":"polyfactory:block/gen/cable/31","predicate":{"custom_model_data":8}},{"model":"polyfactory:block/gen/cable/36","predicate":{"custom_model_data":9}},{"model":"polyfactory:block/gen/cable/41","predicate":{"custom_model_data":10}},{"model":"polyfactory:block/gen/cable/46","predicate":{"custom_model_data":11}},{"model":"polyfactory:block/gen/cable/51","predicate":{"custom_model_data":12}},{"model":"polyfactory:block/gen/cable/56","predicate":{"custom_model_data":13}},{"model":"polyfactory:block/gen/cable/61","predicate":{"custom_model_data":14}}],"textures":{"layer0":"minecraft:item/leather_chestplate","layer1":"minecraft:item/leather_chestplate_overlay"}}