{"parent":"minecraft:item/generated","overrides":[{"model":"minecraft:item/leather_leggings_quartz_trim","predicate":{"trim_type":0.1}},{"model":"minecraft:item/leather_leggings_iron_trim","predicate":{"trim_type":0.2}},{"model":"minecraft:item/leather_leggings_netherite_trim","predicate":{"trim_type":0.3}},{"model":"minecraft:item/leather_leggings_redstone_trim","predicate":{"trim_type":0.4}},{"model":"minecraft:item/leather_leggings_copper_trim","predicate":{"trim_type":0.5}},{"model":"minecraft:item/leather_leggings_gold_trim","predicate":{"trim_type":0.6}},{"model":"minecraft:item/leather_leggings_emerald_trim","predicate":{"trim_type":0.7}},{"model":"minecraft:item/leather_leggings_diamond_trim","predicate":{"trim_type":0.8}},{"model":"minecraft:item/leather_leggings_lapis_trim","predicate":{"trim_type":0.9}},{"model":"minecraft:item/leather_leggings_amethyst_trim","predicate":{"trim_type":1.0}},{"model":"polyfactory:block/gen/cable/2","predicate":{"custom_model_data":2}},{"model":"polyfactory:block/gen/cable/7","predicate":{"custom_model_data":3}},{"model":"polyfactory:block/gen/cable/12","predicate":{"custom_model_data":4}},{"model":"polyfactory:block/gen/cable/17","predicate":{"custom_model_data":5}},{"model":"polyfactory:block/gen/cable/22","predicate":{"custom_model_data":6}},{"model":"polyfactory:block/gen/cable/27","predicate":{"custom_model_data":7}},{"model":"polyfactory:block/gen/cable/32","predicate":{"custom_model_data":8}},{"model":"polyfactory:block/gen/cable/37","predicate":{"custom_model_data":9}},{"model":"polyfactory:block/gen/cable/42","predicate":{"custom_model_data":10}},{"model":"polyfactory:block/gen/cable/47","predicate":{"custom_model_data":11}},{"model":"polyfactory:block/gen/cable/52","predicate":{"custom_model_data":12}},{"model":"polyfactory:block/gen/cable/57","predicate":{"custom_model_data":13}},{"model":"polyfactory:block/gen/cable/62","predicate":{"custom_model_data":14}},{"model":"polyfactory:sgui/elements/numbers/flat/0","predicate":{"custom_model_data":15}},{"model":"polyfactory:sgui/elements/numbers/flat/1","predicate":{"custom_model_data":16}},{"model":"polyfactory:sgui/elements/numbers/flat/2","predicate":{"custom_model_data":17}},{"model":"polyfactory:sgui/elements/numbers/flat/3","predicate":{"custom_model_data":18}},{"model":"polyfactory:sgui/elements/numbers/flat/4","predicate":{"custom_model_data":19}},{"model":"polyfactory:sgui/elements/numbers/flat/5","predicate":{"custom_model_data":20}},{"model":"polyfactory:sgui/elements/numbers/flat/6","predicate":{"custom_model_data":21}},{"model":"polyfactory:sgui/elements/numbers/flat/7","predicate":{"custom_model_data":22}},{"model":"polyfactory:sgui/elements/numbers/flat/8","predicate":{"custom_model_data":23}},{"model":"polyfactory:sgui/elements/numbers/flat/9","predicate":{"custom_model_data":24}},{"model":"polyfactory:sgui/elements/numbers/shadow/0","predicate":{"custom_model_data":25}},{"model":"polyfactory:sgui/elements/numbers/shadow/1","predicate":{"custom_model_data":26}},{"model":"polyfactory:sgui/elements/numbers/shadow/2","predicate":{"custom_model_data":27}},{"model":"polyfactory:sgui/elements/numbers/shadow/3","predicate":{"custom_model_data":28}},{"model":"polyfactory:sgui/elements/numbers/shadow/4","predicate":{"custom_model_data":29}},{"model":"polyfactory:sgui/elements/numbers/shadow/5","predicate":{"custom_model_data":30}},{"model":"polyfactory:sgui/elements/numbers/shadow/6","predicate":{"custom_model_data":31}},{"model":"polyfactory:sgui/elements/numbers/shadow/7","predicate":{"custom_model_data":32}},{"model":"polyfactory:sgui/elements/numbers/shadow/8","predicate":{"custom_model_data":33}},{"model":"polyfactory:sgui/elements/numbers/shadow/9","predicate":{"custom_model_data":34}}],"textures":{"layer0":"minecraft:item/leather_leggings","layer1":"minecraft:item/leather_leggings_overlay"}}