{"parent":"minecraft:item/generated","textures":{"layer0":"minecraft:item/nether_brick"},"overrides":[{"model":"polydecorations:block/birch_shelf_top","predicate":{"custom_model_data":2}},{"model":"polydecorations:block/mangrove_shelf_double","predicate":{"custom_model_data":3}},{"model":"polydecorations:block/cherry_bench_left","predicate":{"custom_model_data":4}},{"model":"polydecorations:block/mangrove_bench_left","predicate":{"custom_model_data":5}},{"model":"polydecorations:item/spruce_shelf","predicate":{"custom_model_data":6}},{"model":"polydecorations:item/jungle_bench","predicate":{"custom_model_data":7}},{"model":"polydecorations:block/statue/stone/left_arm","predicate":{"custom_model_data":8}},{"model":"polydecorations:block/statue/blackstone/right_leg","predicate":{"custom_model_data":9}},{"model":"polydecorations:block/statue/red_sandstone/left_arm","predicate":{"custom_model_data":10}},{"model":"polydecorations:block/statue/oak/right_leg","predicate":{"custom_model_data":11}},{"model":"polydecorations:item/birch_statue","predicate":{"custom_model_data":12}},{"model":"polydecorations:block/statue/jungle/head","predicate":{"custom_model_data":13}},{"model":"polydecorations:block/statue/crimson/body","predicate":{"custom_model_data":14}},{"model":"polydecorations:block/statue/mangrove/left_arm","predicate":{"custom_model_data":15}},{"model":"polydecorations:item/stone_statue","predicate":{"custom_model_data":16}},{"model":"polyfactory:item/mod_icon","predicate":{"custom_model_data":17}},{"model":"polyfactory:item/planter","predicate":{"custom_model_data":18}},{"model":"polyfactory:item/generic_machine_part","predicate":{"custom_model_data":19}},{"model":"polyfactory:item/wireless_redstone_transmitter","predicate":{"custom_model_data":20}},{"model":"polyfactory:block/tiny_potato_spring_base","predicate":{"custom_model_data":21}}]}