{"parent":"minecraft:item/generated","textures":{"layer0":"minecraft:item/paper"},"overrides":[{"model":"polydecorations:block/oak_shelf_top","predicate":{"custom_model_data":2}},{"model":"polydecorations:block/crimson_shelf_double","predicate":{"custom_model_data":3}},{"model":"polydecorations:block/birch_bench_middle","predicate":{"custom_model_data":4}},{"model":"polydecorations:block/crimson_bench_middle","predicate":{"custom_model_data":5}},{"model":"polydecorations:item/cherry_shelf","predicate":{"custom_model_data":6}},{"model":"polydecorations:item/spruce_bench","predicate":{"custom_model_data":7}},{"model":"polydecorations:item/mangrove_sign_post","predicate":{"custom_model_data":8}},{"model":"polydecorations:block/statue/blackstone/body","predicate":{"custom_model_data":9}},{"model":"polydecorations:block/statue/sandstone/left_leg","predicate":{"custom_model_data":10}},{"model":"polydecorations:block/statue/oak/body","predicate":{"custom_model_data":11}},{"model":"polydecorations:block/statue/birch/left_arm","predicate":{"custom_model_data":12}},{"model":"polydecorations:block/statue/cherry/right_arm","predicate":{"custom_model_data":13}},{"model":"polydecorations:block/statue/dark_oak/left_leg","predicate":{"custom_model_data":14}},{"model":"polydecorations:block/statue/warped/right_leg","predicate":{"custom_model_data":15}},{"model":"polydecorations:item/bamboo_statue","predicate":{"custom_model_data":16}},{"model":"polydecorations:block/globe_base","predicate":{"custom_model_data":17}},{"model":"polyfactory:item/crafter","predicate":{"custom_model_data":18}},{"model":"polyfactory:item/steel_ingot","predicate":{"custom_model_data":19}},{"model":"polyfactory:item/item_filter","predicate":{"custom_model_data":20}},{"model":"polyfactory:item/block_observer","predicate":{"custom_model_data":21}},{"model":"polyfactory:item/the_cube","predicate":{"custom_model_data":22}}]}