{"parent":"minecraft:item/generated","textures":{"layer0":"minecraft:item/phantom_membrane"},"overrides":[{"model":"polydecorations:block/jungle_shelf_double","predicate":{"custom_model_data":2}},{"model":"polydecorations:block/spruce_bench_right","predicate":{"custom_model_data":3}},{"model":"polydecorations:block/dark_oak_bench_right","predicate":{"custom_model_data":4}},{"model":"polydecorations:item/brazier","predicate":{"custom_model_data":5}},{"model":"polydecorations:item/cherry_bench","predicate":{"custom_model_data":6}},{"model":"polydecorations:item/jungle_sign_post","predicate":{"custom_model_data":7}},{"model":"polydecorations:block/statue/deepslate/right_arm","predicate":{"custom_model_data":8}},{"model":"polydecorations:block/statue/sandstone/head","predicate":{"custom_model_data":9}},{"model":"polydecorations:block/statue/quartz/right_arm","predicate":{"custom_model_data":10}},{"model":"polydecorations:block/statue/spruce/right_leg","predicate":{"custom_model_data":11}},{"model":"polydecorations:item/acacia_statue","predicate":{"custom_model_data":12}},{"model":"polydecorations:block/statue/dark_oak/head","predicate":{"custom_model_data":13}},{"model":"polydecorations:block/statue/warped/body","predicate":{"custom_model_data":14}},{"model":"polydecorations:block/statue/bamboo/left_arm","predicate":{"custom_model_data":15}},{"model":"polydecorations:block/lantern_support","predicate":{"custom_model_data":16}},{"model":"polyfactory:item/hand_crank","predicate":{"custom_model_data":17}},{"model":"polyfactory:item/netherrack_dust","predicate":{"custom_model_data":18}},{"model":"polyfactory:item/item_counter","predicate":{"custom_model_data":19}},{"model":"polyfactory:item/tiny_potato_spring","predicate":{"custom_model_data":20}}]}