{"parent":"minecraft:item/generated","textures":{"layer0":"minecraft:item/popped_chorus_fruit"},"overrides":[{"model":"polydecorations:block/spruce_shelf_top","predicate":{"custom_model_data":2}},{"model":"polydecorations:block/warped_shelf_double","predicate":{"custom_model_data":3}},{"model":"polydecorations:block/acacia_bench_right","predicate":{"custom_model_data":4}},{"model":"polydecorations:block/warped_bench_right","predicate":{"custom_model_data":5}},{"model":"polydecorations:item/dark_oak_shelf","predicate":{"custom_model_data":6}},{"model":"polydecorations:item/warped_bench","predicate":{"custom_model_data":7}},{"model":"polydecorations:block/statue/stone/head","predicate":{"custom_model_data":8}},{"model":"polydecorations:block/statue/blackstone/right_arm","predicate":{"custom_model_data":9}},{"model":"polydecorations:block/statue/red_sandstone/head","predicate":{"custom_model_data":10}},{"model":"polydecorations:block/statue/oak/right_arm","predicate":{"custom_model_data":11}},{"model":"polydecorations:block/statue/birch/left_leg","predicate":{"custom_model_data":12}},{"model":"polydecorations:block/statue/cherry/right_leg","predicate":{"custom_model_data":13}},{"model":"polydecorations:item/dark_oak_statue","predicate":{"custom_model_data":14}},{"model":"polydecorations:block/statue/mangrove/head","predicate":{"custom_model_data":15}},{"model":"polydecorations:item/large_flower_pot","predicate":{"custom_model_data":16}},{"model":"polydecorations:block/tiny_potato","predicate":{"custom_model_data":17}},{"model":"polyfactory:item/miner","predicate":{"custom_model_data":18}},{"model":"polyfactory:item/steel_gear","predicate":{"custom_model_data":19}},{"model":"polyfactory:item/hologram_projector","predicate":{"custom_model_data":20}},{"model":"polyfactory:block/planter_output","predicate":{"custom_model_data":21}}]}