{"parent":"minecraft:item/generated","textures":{"layer0":"minecraft:item/rabbit_hide"},"overrides":[{"model":"polydecorations:block/cherry_shelf_double","predicate":{"custom_model_data":2}},{"model":"polydecorations:block/oak_bench_middle","predicate":{"custom_model_data":3}},{"model":"polydecorations:block/jungle_bench_middle","predicate":{"custom_model_data":4}},{"model":"polydecorations:block/bamboo_bench_middle","predicate":{"custom_model_data":5}},{"model":"polydecorations:item/mangrove_shelf","predicate":{"custom_model_data":6}},{"model":"polydecorations:item/acacia_sign_post","predicate":{"custom_model_data":7}},{"model":"polydecorations:block/statue/deepslate/body","predicate":{"custom_model_data":8}},{"model":"polydecorations:block/statue/prismarine/left_leg","predicate":{"custom_model_data":9}},{"model":"polydecorations:block/statue/quartz/body","predicate":{"custom_model_data":10}},{"model":"polydecorations:block/statue/spruce/right_arm","predicate":{"custom_model_data":11}},{"model":"polydecorations:block/statue/acacia/left_leg","predicate":{"custom_model_data":12}},{"model":"polydecorations:block/statue/jungle/right_leg","predicate":{"custom_model_data":13}},{"model":"polydecorations:item/crimson_statue","predicate":{"custom_model_data":14}},{"model":"polydecorations:block/statue/bamboo/head","predicate":{"custom_model_data":15}},{"model":"polydecorations:item/red_sandstone_statue","predicate":{"custom_model_data":16}},{"model":"polyfactory:item/splitter","predicate":{"custom_model_data":17}},{"model":"polyfactory:item/nixie_tube","predicate":{"custom_model_data":18}},{"model":"polyfactory:item/rot_debug","predicate":{"custom_model_data":19}},{"model":"polyfactory:item/dynamite","predicate":{"custom_model_data":20}}]}