{"parent":"minecraft:item/generated","textures":{"layer0":"minecraft:item/rabbit_foot"},"overrides":[{"model":"polydecorations:block/jungle_shelf_top","predicate":{"custom_model_data":2}},{"model":"polydecorations:block/spruce_bench_left","predicate":{"custom_model_data":3}},{"model":"polydecorations:block/dark_oak_bench_left","predicate":{"custom_model_data":4}},{"model":"polydecorations:item/mod_icon","predicate":{"custom_model_data":5}},{"model":"polydecorations:item/oak_bench","predicate":{"custom_model_data":6}},{"model":"polydecorations:item/cherry_sign_post","predicate":{"custom_model_data":7}},{"model":"polydecorations:block/statue/deepslate/left_arm","predicate":{"custom_model_data":8}},{"model":"polydecorations:block/statue/prismarine/right_leg","predicate":{"custom_model_data":9}},{"model":"polydecorations:block/statue/quartz/left_arm","predicate":{"custom_model_data":10}},{"model":"polydecorations:block/statue/spruce/left_leg","predicate":{"custom_model_data":11}},{"model":"polydecorations:block/statue/acacia/right_leg","predicate":{"custom_model_data":12}},{"model":"polydecorations:item/jungle_statue","predicate":{"custom_model_data":13}},{"model":"polydecorations:block/statue/warped/head","predicate":{"custom_model_data":14}},{"model":"polydecorations:block/statue/bamboo/body","predicate":{"custom_model_data":15}},{"model":"polydecorations:item/quartz_statue","predicate":{"custom_model_data":16}},{"model":"polyfactory:item/fan","predicate":{"custom_model_data":17}},{"model":"polyfactory:item/metal_grid","predicate":{"custom_model_data":18}},{"model":"polyfactory:item/green_screen","predicate":{"custom_model_data":19}},{"model":"polyfactory:item/inverted_redstone_lamp","predicate":{"custom_model_data":20}}]}