{"parent":"minecraft:item/generated","textures":{"layer0":"minecraft:item/scute"},"overrides":[{"model":"polydecorations:block/acacia_shelf_double","predicate":{"custom_model_data":2}},{"model":"polydecorations:block/oak_bench_left","predicate":{"custom_model_data":3}},{"model":"polydecorations:block/jungle_bench_left","predicate":{"custom_model_data":4}},{"model":"polydecorations:block/bamboo_bench_left","predicate":{"custom_model_data":5}},{"model":"polydecorations:item/acacia_shelf","predicate":{"custom_model_data":6}},{"model":"polydecorations:item/spruce_sign_post","predicate":{"custom_model_data":7}},{"model":"polydecorations:block/statue/stone/right_leg","predicate":{"custom_model_data":8}},{"model":"polydecorations:block/statue/prismarine/left_arm","predicate":{"custom_model_data":9}},{"model":"polydecorations:block/statue/red_sandstone/right_leg","predicate":{"custom_model_data":10}},{"model":"polydecorations:block/statue/spruce/body","predicate":{"custom_model_data":11}},{"model":"polydecorations:block/statue/acacia/left_arm","predicate":{"custom_model_data":12}},{"model":"polydecorations:block/statue/jungle/right_arm","predicate":{"custom_model_data":13}},{"model":"polydecorations:block/statue/crimson/left_leg","predicate":{"custom_model_data":14}},{"model":"polydecorations:block/statue/mangrove/right_leg","predicate":{"custom_model_data":15}},{"model":"polydecorations:item/prismarine_statue","predicate":{"custom_model_data":16}},{"model":"polyfactory:item/sticky_conveyor","predicate":{"custom_model_data":17}},{"model":"polyfactory:item/clutch","predicate":{"custom_model_data":18}},{"model":"polyfactory:item/creative_motor","predicate":{"custom_model_data":19}},{"model":"polyfactory:item/wither_skull_generator","predicate":{"custom_model_data":20}}]}