{"parent":"minecraft:item/generated","textures":{"layer0":"minecraft:item/sugar"},"overrides":[{"model":"polydecorations:block/dark_oak_shelf_double","predicate":{"custom_model_data":2}},{"model":"polydecorations:block/birch_bench_left","predicate":{"custom_model_data":3}},{"model":"polydecorations:block/crimson_bench_left","predicate":{"custom_model_data":4}},{"model":"polydecorations:item/globe","predicate":{"custom_model_data":5}},{"model":"polydecorations:item/dark_oak_bench","predicate":{"custom_model_data":6}},{"model":"polydecorations:item/crimson_sign_post","predicate":{"custom_model_data":7}},{"model":"polydecorations:block/statue/deepslate/right_leg","predicate":{"custom_model_data":8}},{"model":"polydecorations:block/statue/sandstone/left_arm","predicate":{"custom_model_data":9}},{"model":"polydecorations:block/statue/quartz/right_leg","predicate":{"custom_model_data":10}},{"model":"polydecorations:block/statue/birch/head","predicate":{"custom_model_data":11}},{"model":"polydecorations:block/statue/cherry/body","predicate":{"custom_model_data":12}},{"model":"polydecorations:block/statue/dark_oak/left_arm","predicate":{"custom_model_data":13}},{"model":"polydecorations:block/statue/warped/right_arm","predicate":{"custom_model_data":14}},{"model":"polydecorations:block/statue/bamboo/left_leg","predicate":{"custom_model_data":15}},{"model":"polydecorations:block/lantern_support_fence","predicate":{"custom_model_data":16}},{"model":"polyfactory:item/grinder","predicate":{"custom_model_data":17}},{"model":"polyfactory:item/ender_infused_amethyst_shard","predicate":{"custom_model_data":18}},{"model":"polyfactory:item/redstone_output","predicate":{"custom_model_data":19}},{"model":"polyfactory:item/crushed_raw_copper","predicate":{"custom_model_data":20}}]}