{"parent":"minecraft:block/yellow_terracotta","overrides":[{"model":"polyfactory:block/gen/conveyor_down_2","predicate":{"custom_model_data":2}},{"model":"polyfactory:block/gen/sticky_conveyor_up_7","predicate":{"custom_model_data":3}},{"model":"polyfactory:block/gen/conveyor_13","predicate":{"custom_model_data":4}},{"model":"polyfactory:block/gen/conveyor_down_2/1","predicate":{"custom_model_data":5}},{"model":"polyfactory:block/gen/sticky_conveyor_up_7/1","predicate":{"custom_model_data":6}},{"model":"polyfactory:block/gen/conveyor_13/1","predicate":{"custom_model_data":7}},{"model":"polyfactory:block/gen/conveyor_down_2/2","predicate":{"custom_model_data":8}},{"model":"polyfactory:block/gen/sticky_conveyor_up_7/2","predicate":{"custom_model_data":9}},{"model":"polyfactory:block/gen/conveyor_13/2","predicate":{"custom_model_data":10}},{"model":"polyfactory:block/gen/conveyor_down_2/3","predicate":{"custom_model_data":11}},{"model":"polyfactory:block/gen/sticky_conveyor_up_7/3","predicate":{"custom_model_data":12}},{"model":"polyfactory:block/gen/conveyor_13/3","predicate":{"custom_model_data":13}},{"model":"polyfactory:block/gen/conveyor_down_2/4","predicate":{"custom_model_data":14}},{"model":"polyfactory:block/gen/sticky_conveyor_up_7/4","predicate":{"custom_model_data":15}},{"model":"polyfactory:block/gen/conveyor_13/4","predicate":{"custom_model_data":16}},{"model":"polyfactory:block/gen/conveyor_down_2/5","predicate":{"custom_model_data":17}},{"model":"polyfactory:block/gen/sticky_conveyor_up_7/5","predicate":{"custom_model_data":18}},{"model":"polyfactory:block/gen/conveyor_13/5","predicate":{"custom_model_data":19}},{"model":"polyfactory:block/gen/conveyor_down_2/6","predicate":{"custom_model_data":20}},{"model":"polyfactory:block/gen/sticky_conveyor_up_7/6","predicate":{"custom_model_data":21}},{"model":"polyfactory:block/gen/conveyor_13/6","predicate":{"custom_model_data":22}},{"model":"polyfactory:block/gen/conveyor_down_2/7","predicate":{"custom_model_data":23}},{"model":"polyfactory:block/gen/sticky_conveyor_up_7/7","predicate":{"custom_model_data":24}},{"model":"polyfactory:block/gen/conveyor_13/7","predicate":{"custom_model_data":25}},{"model":"polyfactory:block/gen/conveyor_down_2/8","predicate":{"custom_model_data":26}},{"model":"polyfactory:block/gen/sticky_conveyor_up_7/8","predicate":{"custom_model_data":27}},{"model":"polyfactory:block/gen/conveyor_13/8","predicate":{"custom_model_data":28}},{"model":"polyfactory:block/gen/conveyor_down_2/9","predicate":{"custom_model_data":29}},{"model":"polyfactory:block/gen/sticky_conveyor_up_7/9","predicate":{"custom_model_data":30}},{"model":"polyfactory:block/gen/conveyor_13/9","predicate":{"custom_model_data":31}},{"model":"polyfactory:block/gen/conveyor_down_2/10","predicate":{"custom_model_data":32}},{"model":"polyfactory:block/gen/sticky_conveyor_up_7/10","predicate":{"custom_model_data":33}},{"model":"polyfactory:block/gen/conveyor_13/10","predicate":{"custom_model_data":34}},{"model":"polyfactory:block/gen/conveyor_down_2/11","predicate":{"custom_model_data":35}},{"model":"polyfactory:block/gen/sticky_conveyor_up_7/11","predicate":{"custom_model_data":36}},{"model":"polyfactory:block/gen/conveyor_13/11","predicate":{"custom_model_data":37}},{"model":"polyfactory:block/gen/conveyor_down_2/12","predicate":{"custom_model_data":38}},{"model":"polyfactory:block/gen/sticky_conveyor_up_7/12","predicate":{"custom_model_data":39}},{"model":"polyfactory:block/gen/conveyor_13/12","predicate":{"custom_model_data":40}},{"model":"polyfactory:block/gen/conveyor_down_2/13","predicate":{"custom_model_data":41}},{"model":"polyfactory:block/gen/sticky_conveyor_up_7/13","predicate":{"custom_model_data":42}},{"model":"polyfactory:block/gen/conveyor_13/13","predicate":{"custom_model_data":43}},{"model":"polyfactory:block/gen/conveyor_down_2/14","predicate":{"custom_model_data":44}},{"model":"polyfactory:block/gen/sticky_conveyor_up_7/14","predicate":{"custom_model_data":45}},{"model":"polyfactory:block/gen/conveyor_13/14","predicate":{"custom_model_data":46}},{"model":"polyfactory:block/gen/conveyor_down_2/15","predicate":{"custom_model_data":47}},{"model":"polyfactory:block/gen/sticky_conveyor_up_7/15","predicate":{"custom_model_data":48}},{"model":"polyfactory:block/gen/conveyor_13/15","predicate":{"custom_model_data":49}},{"model":"polyfactory:block/gen/conveyor_down_2/16","predicate":{"custom_model_data":50}},{"model":"polyfactory:block/gen/sticky_conveyor_up_7/16","predicate":{"custom_model_data":51}},{"model":"polyfactory:block/gen/conveyor_13/16","predicate":{"custom_model_data":52}},{"model":"polyfactory:block/gen/conveyor_down_2/17","predicate":{"custom_model_data":53}},{"model":"polyfactory:block/gen/sticky_conveyor_up_7/17","predicate":{"custom_model_data":54}},{"model":"polyfactory:block/gen/conveyor_13/17","predicate":{"custom_model_data":55}},{"model":"polyfactory:block/gen/conveyor_down_2/18","predicate":{"custom_model_data":56}},{"model":"polyfactory:block/gen/sticky_conveyor_up_7/18","predicate":{"custom_model_data":57}},{"model":"polyfactory:block/gen/conveyor_13/18","predicate":{"custom_model_data":58}},{"model":"polyfactory:block/gen/conveyor_down_2/19","predicate":{"custom_model_data":59}},{"model":"polyfactory:block/gen/sticky_conveyor_up_7/19","predicate":{"custom_model_data":60}},{"model":"polyfactory:block/gen/conveyor_13/19","predicate":{"custom_model_data":61}},{"model":"polyfactory:block/gen/conveyor_down_2/20","predicate":{"custom_model_data":62}},{"model":"polyfactory:block/gen/sticky_conveyor_up_7/20","predicate":{"custom_model_data":63}},{"model":"polyfactory:block/gen/conveyor_13/20","predicate":{"custom_model_data":64}}]}