{"textures":{"0":"polyfactory:block/cable_base","1":"polyfactory:block/cable_top","2":"polyfactory:block/cable_center","particle":"polyfactory:block/cable_base"},"elements":[{"name":"centerx","from":[5,5,5],"to":[11,11,11],"faces":{"north":{"uv":[0,0,6,6],"texture":"#2","tintindex":0},"east":{"uv":[0,0,6,6],"texture":"#2","tintindex":0},"south":{"uv":[0,0,6,6],"texture":"#2","tintindex":0},"west":{"uv":[0,0,6,6],"texture":"#2","tintindex":0},"up":{"uv":[0,0,6,6],"texture":"#2","tintindex":0},"down":{"uv":[0,0,6,6],"texture":"#2","tintindex":0}}}],"groups":[{"name":"group","origin":[0,0,0],"color":0,"nbt":"{}","children":[0,1,2,3]},{"name":"group","origin":[0,0,0],"color":0,"nbt":"{}","children":[4,5,6,7]},{"name":"group","origin":[0,0,0],"color":0,"nbt":"{}","children":[8,9,10,11]},12]}