{"textures":{"0":"polyfactory:block/cable_base","1":"polyfactory:block/cable_top","2":"polyfactory:block/cable_center","particle":"polyfactory:block/cable_base"},"elements":[{"name":"down","from":[6,0,6],"to":[10,6,10],"faces":{"north":{"uv":[0,0,4,6],"texture":"#0","tintindex":0},"east":{"uv":[12,0,16,6],"texture":"#0","tintindex":0},"south":{"uv":[8,0,12,6],"texture":"#0","tintindex":0},"west":{"uv":[4,0,8,6],"texture":"#0","tintindex":0},"up":{"uv":[0,0,4,4],"texture":"#1","tintindex":0},"down":{"uv":[0,0,4,4],"texture":"#1","tintindex":0}}},{"name":"down","from":[6,0,6],"to":[10,6,10],"faces":{"north":{"uv":[12,0,16,6],"texture":"#1"},"east":{"uv":[12,0,16,6],"texture":"#1","tintindex":0},"south":{"uv":[12,0,16,6],"texture":"#1"},"west":{"uv":[12,0,16,6],"texture":"#1","tintindex":0},"up":{"uv":[4,0,8,4],"rotation":90,"texture":"#1"},"down":{"uv":[4,0,8,4],"rotation":270,"texture":"#1"}}},{"name":"east","from":[0,6,6],"to":[6,10,10],"faces":{"north":{"uv":[0,10,4,16],"rotation":90,"texture":"#0","tintindex":0},"east":{"uv":[0,0,4,4],"rotation":270,"texture":"#1","tintindex":0},"south":{"uv":[8,10,12,16],"rotation":270,"texture":"#0","tintindex":0},"west":{"uv":[0,0,4,4],"rotation":270,"texture":"#1","tintindex":0},"up":{"uv":[12,10,16,16],"rotation":270,"texture":"#0","tintindex":0},"down":{"uv":[4,10,8,16],"rotation":270,"texture":"#0","tintindex":0}}},{"name":"east","from":[0,6,6],"to":[6,10,10],"faces":{"north":{"uv":[12,0,16,6],"rotation":90,"texture":"#1","tintindex":0},"east":{"uv":[4,0,8,4],"rotation":270,"texture":"#1"},"south":{"uv":[12,0,16,6],"rotation":270,"texture":"#1","tintindex":0},"west":{"uv":[4,0,8,4],"rotation":270,"texture":"#1"},"up":{"uv":[12,0,16,6],"rotation":270,"texture":"#1"},"down":{"uv":[12,0,16,6],"rotation":270,"texture":"#1"}}},{"name":"north","from":[6,6,10],"to":[10,10,16],"faces":{"north":{"uv":[0,0,4,4],"rotation":270,"texture":"#1","tintindex":0},"east":{"uv":[0,0,4,6],"rotation":90,"texture":"#0","tintindex":0},"south":{"uv":[0,0,4,4],"rotation":270,"texture":"#1","tintindex":0},"west":{"uv":[8,0,12,6],"rotation":270,"texture":"#0","tintindex":0},"up":{"uv":[12,0,16,6],"texture":"#0","tintindex":0},"down":{"uv":[4,0,8,6],"rotation":180,"texture":"#0","tintindex":0}}},{"name":"north","from":[6,6,10],"to":[10,10,16],"faces":{"north":{"uv":[4,0,8,4],"rotation":270,"texture":"#1"},"east":{"uv":[12,0,16,6],"rotation":90,"texture":"#1"},"south":{"uv":[4,0,8,4],"rotation":270,"texture":"#1"},"west":{"uv":[12,0,16,6],"rotation":270,"texture":"#1"},"up":{"uv":[12,0,16,6],"texture":"#1"},"down":{"uv":[12,0,16,6],"rotation":180,"texture":"#1","tintindex":0}}},{"name":"centerx","from":[5,5,5],"to":[11,11,11],"faces":{"north":{"uv":[0,0,6,6],"texture":"#2","tintindex":0},"east":{"uv":[0,0,6,6],"texture":"#2","tintindex":0},"south":{"uv":[0,0,6,6],"texture":"#2","tintindex":0},"west":{"uv":[0,0,6,6],"texture":"#2","tintindex":0},"up":{"uv":[0,0,6,6],"texture":"#2","tintindex":0},"down":{"uv":[0,0,6,6],"texture":"#2","tintindex":0}}}],"groups":[{"name":"group","origin":[0,0,0],"color":0,"nbt":"{}","children":[0,1,2,3]},{"name":"group","origin":[0,0,0],"color":0,"nbt":"{}","children":[4,5,6,7]},{"name":"group","origin":[0,0,0],"color":0,"nbt":"{}","children":[8,9,10,11]},12]}